row_id,report_date,commodity,variety,pack_size,count_size,item_size,properties,grade,organic,appearance,condition,quality,low_price,high_price,mostly_low_price,mostly_high_price,unit_price,price_unit,normalized_price,normalized_unit,market,market_type,origin,origin_detail,other_attributes,reporter_comment,market_tone,volume,volume_unit,store_count,report_id,report_title,fetched_at
f0d31b9fad58ddb3,2025-05-05,Chicken,All Items,Fresh Domestic,,All Sizes,,,,,Fresh,,120.0,165.0,,,127.75,cents/lb,1.2775,per lb,Central,wholesale,,Domestic,,,,2907.0,Pounds,,3646,Weekly National Chicken Report,2026-09-26T14:23:01+00:00
63199cc0d46d5d4e,2025-05-05,Chicken,WOG,Fresh Domestic,,All Sizes,,,,,Fresh,,120.0,130.0,,,126.42,cents/lb,1.2642,per lb,Central,wholesale,,Domestic,,,,2771.0,Pounds,,3646,Weekly National Chicken Report,2026-09-26T14:23:01+00:00
d07323d9c23b4155,2025-05-05,Chicken,All Items,Fresh Domestic,,All Sizes,,,,,Fresh,,120.0,130.0,,,125.85,cents/lb,1.2585,per lb,Chicago,wholesale,,Domestic,,,,1428.0,Pounds,,3646,Weekly National Chicken Report,2026-09-26T14:23:01+00:00
53609358aaec260e,2025-05-05,Chicken,All Items,Fresh Domestic,,All Sizes,,,,,Fresh,,109.0,146.0,,,132.25,cents/lb,1.3225,per lb,Eastern,wholesale,,Domestic,,,,4999.0,Pounds,,3646,Weekly National Chicken Report,2026-09-26T14:23:01+00:00
3488913431aa1639,2025-05-05,Chicken,WOG,Fresh Domestic,,All Sizes,,,,,Fresh,,109.0,146.0,,,132.04,cents/lb,1.3204,per lb,Eastern,wholesale,,Domestic,,,,3236.0,Pounds,,3646,Weekly National Chicken Report,2026-09-26T14:23:01+00:00
5da3d6d6bd49384f,2025-05-05,Chicken,All Items,Fresh Domestic,,All Sizes,,,,,Fresh,,120.0,155.0,,,149.43,cents/lb,1.4943,per lb,Los Angeles,wholesale,,Domestic,,,,1995.0,Pounds,,3646,Weekly National Chicken Report,2026-09-26T14:23:01+00:00
8a1ad593c05c2287,2025-05-05,Chicken,ALL Items,Fresh Domestic,,All Sizes,,,,,Fresh,,109.0,165.0,,,135.43,cents/lb,1.3543,per lb,National,wholesale,,Domestic,,,,10826.0,Pounds,,3646,Weekly National Chicken Report,2026-09-26T14:23:01+00:00
00cff060015e1060,2025-05-05,Chicken,Backs and Necks Stripped,Fresh Domestic,,,,,,,Fresh,,11.0,14.0,,,12.89,cents/lb,0.1289,per lb,National,wholesale,,Domestic,,,,709.0,Pounds,,3646,Weekly National Chicken Report,2026-09-26T14:23:01+00:00
95a3e380e7a45532,2025-05-05,Chicken,Breast - B/S,Fresh Domestic,,,,,,,Fresh,,270.0,297.0,,,276.24,cents/lb,2.7624,per lb,National,wholesale,,Domestic,,,,1883.0,Pounds,,3646,Weekly National Chicken Report,2026-09-26T14:23:01+00:00
8cc955a723d896b6,2025-05-05,Chicken,Breast - Line Run,Fresh Domestic,,,,,,,Fresh,,154.0,157.0,,,155.27,cents/lb,1.5527,per lb,National,wholesale,,Domestic,,,,108.0,Pounds,,3646,Weekly National Chicken Report,2026-09-26T14:23:01+00:00
1e9f11a32147f3bc,2025-05-05,Chicken,Breast With Ribs,Fresh Domestic,,,,,,,Fresh,,170.0,198.0,,,189.24,cents/lb,1.8924,per lb,National,wholesale,,Domestic,,,,111.0,Pounds,,3646,Weekly National Chicken Report,2026-09-26T14:23:01+00:00
a6141897733cadf0,2025-05-05,Chicken,Drumsticks,Fresh Domestic,,,,,,,Fresh,,42.0,56.0,,,46.68,cents/lb,0.4668,per lb,National,wholesale,,Domestic,,,,452.0,Pounds,,3646,Weekly National Chicken Report,2026-09-26T14:23:01+00:00
a433094879fb4844,2025-05-05,Chicken,Frames,Fresh Domestic,,,,,,,Fresh,,8.0,10.0,,,9.03,cents/lb,0.0903,per lb,National,wholesale,,Domestic,,,,1400.0,Pounds,,3646,Weekly National Chicken Report,2026-09-26T14:23:01+00:00
9aa8b466ff02c04c,2025-05-05,Chicken,Gizzards and Hearts,Fresh Domestic,,,,,,,Fresh,,81.0,91.0,,,84.26,cents/lb,0.8426,per lb,National,wholesale,,Domestic,,,,124.0,Pounds,,3646,Weekly National Chicken Report,2026-09-26T14:23:01+00:00
77b5f77d6fb6b300,2025-05-05,Chicken,Leg quarters - Bulk,Fresh Domestic,,,,,,,Fresh,,48.0,59.0,,,54.07,cents/lb,0.5407,per lb,National,wholesale,,Domestic,,,,1493.0,Pounds,,3646,Weekly National Chicken Report,2026-09-26T14:23:01+00:00
5e8acfe0c7b60fed,2025-05-05,Chicken,Legs - Bone-in,Fresh Domestic,,,,,,,Fresh,,84.0,92.0,,,87.44,cents/lb,0.8744,per lb,National,wholesale,,Domestic,,,,350.0,Pounds,,3646,Weekly National Chicken Report,2026-09-26T14:23:01+00:00
1f4e6afc48ee5d2e,2025-05-05,Chicken,Livers,Fresh Domestic,,,,,,,Fresh,,70.0,71.0,,,70.87,cents/lb,0.7087,per lb,National,wholesale,,Domestic,,,,93.0,Pounds,,3646,Weekly National Chicken Report,2026-09-26T14:23:01+00:00
1ced3c7159780f74,2025-05-05,Chicken,"MSC, 15-20% Fat Content",Fresh Domestic,,,,,,,Fresh,,24.0,27.0,,,25.46,cents/lb,0.2546,per lb,National,wholesale,,Domestic,,,,530.0,Pounds,,3646,Weekly National Chicken Report,2026-09-26T14:23:01+00:00
8a71ce9da79e29b5,2025-05-05,Chicken,"MSC, 15-20% Fat Content",Frozen Export,,,,,,,Frozen,,32.0,36.0,,,33.36,cents/lb,0.3336,per lb,National,wholesale,,Export,,,,1188.0,Pounds,,3646,Weekly National Chicken Report,2026-09-26T14:23:01+00:00
5d901c8facf57ba5,2025-05-05,Chicken,RTC Broiler/Fryer,Fresh Domestic,,3.00 LB and Lighter,,,,,Fresh,,137.0,138.0,,,137.5,cents/lb,1.375,per lb,National,wholesale,,Domestic,,,,350.0,Pounds,,3646,Weekly National Chicken Report,2026-09-26T14:23:01+00:00
76b08f5bba76a21b,2025-05-05,Chicken,RTC Broiler/Fryer,Fresh Domestic,,3.01 LB and heavier,,,,,Fresh,,115.0,165.0,,,134.56,cents/lb,1.3456,per lb,National,wholesale,,Domestic,,,,1653.0,Pounds,,3646,Weekly National Chicken Report,2026-09-26T14:23:01+00:00
ca2a9a1885bd2554,2025-05-05,Chicken,RTC Broiler/Fryer,Fresh Domestic,,ALL Sizes,,,,,Fresh,,115.0,165.0,,,135.07,cents/lb,1.3507,per lb,National,wholesale,,Domestic,,,,2003.0,Pounds,,3646,Weekly National Chicken Report,2026-09-26T14:23:01+00:00
d62efc8964c653ef,2025-05-05,Chicken,Tenderloins,Fresh Domestic,,,,,,,Fresh,,210.0,250.0,,,232.54,cents/lb,2.3254,per lb,National,wholesale,,Domestic,,,,1216.0,Pounds,,3646,Weekly National Chicken Report,2026-09-26T14:23:01+00:00
8b0cb42abbafc015,2025-05-05,Chicken,Thighs - B/S,Fresh Domestic,,,,,,,Fresh,,221.0,255.0,,,236.74,cents/lb,2.3674,per lb,National,wholesale,,Domestic,,,,763.0,Pounds,,3646,Weekly National Chicken Report,2026-09-26T14:23:01+00:00
4d56d0ae924fa8ec,2025-05-05,Chicken,Thighs - Bone-in,Fresh Domestic,,,,,,,Fresh,,86.0,88.0,,,87.98,cents/lb,0.8798,per lb,National,wholesale,,Domestic,,,,18.0,Pounds,,3646,Weekly National Chicken Report,2026-09-26T14:23:01+00:00
178520e802c6363c,2025-05-05,Chicken,WOG,Fresh Domestic,,2.50 LB and lighter,,,,,Fresh,,129.0,155.0,,,144.92,cents/lb,1.4492,per lb,National,wholesale,,Domestic,,,,1699.0,Pounds,,3646,Weekly National Chicken Report,2026-09-26T14:23:01+00:00
dfb192862ad90adc,2025-05-05,Chicken,WOG,Fresh Domestic,,2.51 to 3.50 LB,,,,,Fresh,,116.0,155.0,,,134.53,cents/lb,1.3453,per lb,National,wholesale,,Domestic,,,,6380.0,Pounds,,3646,Weekly National Chicken Report,2026-09-26T14:23:01+00:00
7d7f039023cd69bd,2025-05-05,Chicken,WOG,Fresh Domestic,,3.51 LB and heavier,,,,,Fresh,,109.0,127.0,,,122.49,cents/lb,1.2249,per lb,National,wholesale,,Domestic,,,,743.0,Pounds,,3646,Weekly National Chicken Report,2026-09-26T14:23:01+00:00
ed52ee383fe41930,2025-05-05,Chicken,WOG,Fresh Domestic,,All Sizes,,,,,Fresh,,109.0,155.0,,,135.52,cents/lb,1.3552,per lb,National,wholesale,,Domestic,,,,8822.0,Pounds,,3646,Weekly National Chicken Report,2026-09-26T14:23:01+00:00
e4a370eafbdfea8b,2025-05-05,Chicken,Wings - Whole,Fresh Domestic,,,,,,,Fresh,,109.0,142.0,,,117.19,cents/lb,1.1719,per lb,National,wholesale,,Domestic,,,,799.0,Pounds,,3646,Weekly National Chicken Report,2026-09-26T14:23:01+00:00
efc3e077dc31bb95,2025-05-05,Chicken,All Items,Fresh Domestic,,All Sizes,,,,,Fresh,,111.0,146.0,,,135.19,cents/lb,1.3519,per lb,New York,wholesale,,Domestic,,,,2520.0,Pounds,,3646,Weekly National Chicken Report,2026-09-26T14:23:01+00:00
3ce4bb0aff48bd4c,2025-05-05,Chicken,All Items,Fresh Domestic,,All Sizes,,,,,Fresh,,120.0,155.0,,,148.54,cents/lb,1.4854,per lb,Western,wholesale,,Domestic,,,,2920.0,Pounds,,3646,Weekly National Chicken Report,2026-09-26T14:23:01+00:00
69b0509ecf43d981,2025-05-05,Chicken,WOG,Fresh Domestic,,All Sizes,,,,,Fresh,,120.0,155.0,,,148.47,cents/lb,1.4847,per lb,Western,wholesale,,Domestic,,,,2815.0,Pounds,,3646,Weekly National Chicken Report,2026-09-26T14:23:01+00:00
3114dab8d55d43bb,2025-05-12,Chicken,All Items,Fresh Domestic,,All Sizes,,,,,Fresh,,120.0,165.0,,,127.7,cents/lb,1.277,per lb,Central,wholesale,,Domestic,,,,2945.0,Pounds,,3646,Weekly National Chicken Report,2026-09-26T14:23:01+00:00
7eb2bcb4acbf8b70,2025-05-12,Chicken,WOG,Fresh Domestic,,All Sizes,,,,,Fresh,,120.0,130.0,,,126.41,cents/lb,1.2641,per lb,Central,wholesale,,Domestic,,,,2813.0,Pounds,,3646,Weekly National Chicken Report,2026-09-26T14:23:01+00:00
1df4d877c911b0f7,2025-05-12,Chicken,All Items,Fresh Domestic,,All Sizes,,,,,Fresh,,120.0,130.0,,,125.83,cents/lb,1.2583,per lb,Chicago,wholesale,,Domestic,,,,1428.0,Pounds,,3646,Weekly National Chicken Report,2026-09-26T14:23:01+00:00
85b1a5cad9ecc1b8,2025-05-12,Chicken,All Items,Fresh Domestic,,All Sizes,,,,,Fresh,,111.0,146.0,,,132.43,cents/lb,1.3243,per lb,Eastern,wholesale,,Domestic,,,,4830.0,Pounds,,3646,Weekly National Chicken Report,2026-09-26T14:23:01+00:00
f07e950cd70e0693,2025-05-12,Chicken,WOG,Fresh Domestic,,All Sizes,,,,,Fresh,,111.0,146.0,,,132.24,cents/lb,1.3224,per lb,Eastern,wholesale,,Domestic,,,,3163.0,Pounds,,3646,Weekly National Chicken Report,2026-09-26T14:23:01+00:00
50e52fe94148bfc3,2025-05-12,Chicken,All Items,Fresh Domestic,,All Sizes,,,,,Fresh,,122.0,155.0,,,149.34,cents/lb,1.4934,per lb,Los Angeles,wholesale,,Domestic,,,,1930.0,Pounds,,3646,Weekly National Chicken Report,2026-09-26T14:23:01+00:00
c7dc690fcc1e9f3a,2025-05-12,Chicken,ALL Items,Fresh Domestic,,All Sizes,,,,,Fresh,,111.0,165.0,,,135.29,cents/lb,1.3529,per lb,National,wholesale,,Domestic,,,,10466.0,Pounds,,3646,Weekly National Chicken Report,2026-09-26T14:23:01+00:00
93d586e37af5f42c,2025-05-12,Chicken,Backs and Necks Stripped,Fresh Domestic,,,,,,,Fresh,,12.0,14.0,,,12.94,cents/lb,0.1294,per lb,National,wholesale,,Domestic,,,,635.0,Pounds,,3646,Weekly National Chicken Report,2026-09-26T14:23:01+00:00
f611b855bf7b2d11,2025-05-12,Chicken,Breast - B/S,Fresh Domestic,,,,,,,Fresh,,250.0,298.0,,,276.94,cents/lb,2.7694,per lb,National,wholesale,,Domestic,,,,1909.0,Pounds,,3646,Weekly National Chicken Report,2026-09-26T14:23:01+00:00
7cd36e51549ac9b6,2025-05-12,Chicken,Breast - Line Run,Fresh Domestic,,,,,,,Fresh,,155.0,157.0,,,155.8,cents/lb,1.558,per lb,National,wholesale,,Domestic,,,,109.0,Pounds,,3646,Weekly National Chicken Report,2026-09-26T14:23:01+00:00
f53da7afa8bfc076,2025-05-12,Chicken,Breast With Ribs,Fresh Domestic,,,,,,,Fresh,,170.0,198.0,,,191.39,cents/lb,1.9139,per lb,National,wholesale,,Domestic,,,,157.0,Pounds,,3646,Weekly National Chicken Report,2026-09-26T14:23:01+00:00
268dcbf7b9a34a26,2025-05-12,Chicken,Drumsticks,Fresh Domestic,,,,,,,Fresh,,43.0,57.0,,,47.18,cents/lb,0.4718,per lb,National,wholesale,,Domestic,,,,504.0,Pounds,,3646,Weekly National Chicken Report,2026-09-26T14:23:01+00:00
ede20b81a02c4cfc,2025-05-12,Chicken,Frames,Fresh Domestic,,,,,,,Fresh,,8.0,11.0,,,9.41,cents/lb,0.0941,per lb,National,wholesale,,Domestic,,,,1560.0,Pounds,,3646,Weekly National Chicken Report,2026-09-26T14:23:01+00:00
669ab4db1b0b604b,2025-05-12,Chicken,Gizzards and Hearts,Fresh Domestic,,,,,,,Fresh,,80.0,90.0,,,84.1,cents/lb,0.841,per lb,National,wholesale,,Domestic,,,,131.0,Pounds,,3646,Weekly National Chicken Report,2026-09-26T14:23:01+00:00
a3e4279aca202823,2025-05-12,Chicken,Leg quarters - Bulk,Fresh Domestic,,,,,,,Fresh,,50.0,58.0,,,54.21,cents/lb,0.5421,per lb,National,wholesale,,Domestic,,,,881.0,Pounds,,3646,Weekly National Chicken Report,2026-09-26T14:23:01+00:00
ff865e6109a664d3,2025-05-12,Chicken,Leg quarters - Bulk,Frozen Export,,,,,,,Frozen,,49.0,58.0,,,52.15,cents/lb,0.5215,per lb,National,wholesale,,Export,,,,2075.0,Pounds,,3646,Weekly National Chicken Report,2026-09-26T14:23:01+00:00
64a0c0408872b80b,2025-05-12,Chicken,Legs - Bone-in,Fresh Domestic,,,,,,,Fresh,,84.0,94.0,,,88.11,cents/lb,0.8811,per lb,National,wholesale,,Domestic,,,,354.0,Pounds,,3646,Weekly National Chicken Report,2026-09-26T14:23:01+00:00
eb97ff9c0a1ff1d5,2025-05-12,Chicken,Legs - Bone-in,Frozen Export,,,,,,,Frozen,,81.0,82.0,,,81.29,cents/lb,0.8129,per lb,National,wholesale,,Export,,,,378.0,Pounds,,3646,Weekly National Chicken Report,2026-09-26T14:23:01+00:00
928b0a0807b70ba7,2025-05-12,Chicken,Livers,Fresh Domestic,,,,,,,Fresh,,70.0,71.0,,,70.64,cents/lb,0.7064,per lb,National,wholesale,,Domestic,,,,108.0,Pounds,,3646,Weekly National Chicken Report,2026-09-26T14:23:01+00:00
f0712138883d4ecc,2025-05-12,Chicken,"MSC, 15-20% Fat Content",Fresh Domestic,,,,,,,Fresh,,24.0,27.0,,,25.09,cents/lb,0.2509,per lb,National,wholesale,,Domestic,,,,428.0,Pounds,,3646,Weekly National Chicken Report,2026-09-26T14:23:01+00:00
5f971fd0526236b4,2025-05-12,Chicken,"MSC, 15-20% Fat Content",Frozen Export,,,,,,,Frozen,,32.0,36.0,,,33.43,cents/lb,0.3343,per lb,National,wholesale,,Export,,,,736.0,Pounds,,3646,Weekly National Chicken Report,2026-09-26T14:23:01+00:00
bc57234200fdd3b4,2025-05-12,Chicken,RTC Broiler/Fryer,Fresh Domestic,,3.00 LB and Lighter,,,,,Fresh,,133.0,138.0,,,136.07,cents/lb,1.3607,per lb,National,wholesale,,Domestic,,,,525.0,Pounds,,3646,Weekly National Chicken Report,2026-09-26T14:23:01+00:00
a5b40a9833eeed48,2025-05-12,Chicken,RTC Broiler/Fryer,Fresh Domestic,,3.01 LB and heavier,,,,,Fresh,,122.0,165.0,,,135.44,cents/lb,1.3544,per lb,National,wholesale,,Domestic,,,,1414.0,Pounds,,3646,Weekly National Chicken Report,2026-09-26T14:23:01+00:00
1ea5ecbf7fc8dc71,2025-05-12,Chicken,RTC Broiler/Fryer,Fresh Domestic,,ALL Sizes,,,,,Fresh,,122.0,165.0,,,135.61,cents/lb,1.3561,per lb,National,wholesale,,Domestic,,,,1939.0,Pounds,,3646,Weekly National Chicken Report,2026-09-26T14:23:01+00:00
552cd52051006656,2025-05-12,Chicken,Tenderloins,Fresh Domestic,,,,,,,Fresh,,214.0,265.0,,,239.02,cents/lb,2.3902,per lb,National,wholesale,,Domestic,,,,1245.0,Pounds,,3646,Weekly National Chicken Report,2026-09-26T14:23:01+00:00
20a2494c986f1ee7,2025-05-12,Chicken,Thighs - B/S,Fresh Domestic,,,,,,,Fresh,,228.0,263.0,,,242.41,cents/lb,2.4241,per lb,National,wholesale,,Domestic,,,,715.0,Pounds,,3646,Weekly National Chicken Report,2026-09-26T14:23:01+00:00
9e1c74f68b3f4f54,2025-05-12,Chicken,Thighs - Bone-in,Fresh Domestic,,,,,,,Fresh,,87.0,88.0,,,87.99,cents/lb,0.8799,per lb,National,wholesale,,Domestic,,,,18.0,Pounds,,3646,Weekly National Chicken Report,2026-09-26T14:23:01+00:00
52f85fff676d33cc,2025-05-12,Chicken,WOG,Fresh Domestic,,2.50 LB and lighter,,,,,Fresh,,133.0,162.0,,,143.34,cents/lb,1.4334,per lb,National,wholesale,,Domestic,,,,1368.0,Pounds,,3646,Weekly National Chicken Report,2026-09-26T14:23:01+00:00
e4467522779df550,2025-05-12,Chicken,WOG,Fresh Domestic,,2.51 to 3.50 LB,,,,,Fresh,,116.0,155.0,,,134.85,cents/lb,1.3485,per lb,National,wholesale,,Domestic,,,,6439.0,Pounds,,3646,Weekly National Chicken Report,2026-09-26T14:23:01+00:00
c7229319b812072e,2025-05-12,Chicken,WOG,Fresh Domestic,,3.51 LB and heavier,,,,,Fresh,,111.0,127.0,,,122.99,cents/lb,1.2299,per lb,National,wholesale,,Domestic,,,,719.0,Pounds,,3646,Weekly National Chicken Report,2026-09-26T14:23:01+00:00
3050e8eb6964c523,2025-05-12,Chicken,WOG,Fresh Domestic,,All Sizes,,,,,Fresh,,111.0,162.0,,,135.22,cents/lb,1.3522,per lb,National,wholesale,,Domestic,,,,8527.0,Pounds,,3646,Weekly National Chicken Report,2026-09-26T14:23:01+00:00
4214b31b4e7f9965,2025-05-12,Chicken,Wings - Whole,Fresh Domestic,,,,,,,Fresh,,103.0,137.0,,,113.54,cents/lb,1.1354,per lb,National,wholesale,,Domestic,,,,827.0,Pounds,,3646,Weekly National Chicken Report,2026-09-26T14:23:01+00:00
a8ec5ad700f9531c,2025-05-12,Chicken,All Items,Fresh Domestic,,All Sizes,,,,,Fresh,,111.0,146.0,,,135.11,cents/lb,1.3511,per lb,New York,wholesale,,Domestic,,,,2415.0,Pounds,,3646,Weekly National Chicken Report,2026-09-26T14:23:01+00:00
9e302d5842748681,2025-05-12,Chicken,All Items,Fresh Domestic,,All Sizes,,,,,Fresh,,122.0,162.0,,,148.73,cents/lb,1.4873,per lb,Western,wholesale,,Domestic,,,,2691.0,Pounds,,3646,Weekly National Chicken Report,2026-09-26T14:23:01+00:00
e80062102f140302,2025-05-12,Chicken,WOG,Fresh Domestic,,All Sizes,,,,,Fresh,,122.0,162.0,,,148.61,cents/lb,1.4861,per lb,Western,wholesale,,Domestic,,,,2551.0,Pounds,,3646,Weekly National Chicken Report,2026-09-26T14:23:01+00:00
7bd12681c4669c94,2025-05-19,Chicken,All Items,Fresh Domestic,,All Sizes,,,,,Fresh,,120.0,130.0,,,126.43,cents/lb,1.2643,per lb,Central,wholesale,,Domestic,,,,2727.0,Pounds,,3646,Weekly National Chicken Report,2026-09-26T14:23:01+00:00
b0b702cd9660022b,2025-05-19,Chicken,WOG,Fresh Domestic,,All Sizes,,,,,Fresh,,120.0,130.0,,,126.43,cents/lb,1.2643,per lb,Central,wholesale,,Domestic,,,,2727.0,Pounds,,3646,Weekly National Chicken Report,2026-09-26T14:23:01+00:00
545076acef704dc2,2025-05-19,Chicken,All Items,Fresh Domestic,,All Sizes,,,,,Fresh,,120.0,130.0,,,125.68,cents/lb,1.2568,per lb,Chicago,wholesale,,Domestic,,,,1411.0,Pounds,,3646,Weekly National Chicken Report,2026-09-26T14:23:01+00:00
b8f213fed663e2a8,2025-05-19,Chicken,All Items,Fresh Domestic,,All Sizes,,,,,Fresh,,106.0,146.0,,,131.78,cents/lb,1.3178,per lb,Eastern,wholesale,,Domestic,,,,5146.0,Pounds,,3646,Weekly National Chicken Report,2026-09-26T14:23:01+00:00
a1ace3660a01eac1,2025-05-19,Chicken,WOG,Fresh Domestic,,All Sizes,,,,,Fresh,,106.0,146.0,,,131.27,cents/lb,1.3127,per lb,Eastern,wholesale,,Domestic,,,,3477.0,Pounds,,3646,Weekly National Chicken Report,2026-09-26T14:23:01+00:00
5f0f817031335272,2025-05-19,Chicken,All Items,Fresh Domestic,,All Sizes,,,,,Fresh,,117.0,155.0,,,148.63,cents/lb,1.4863,per lb,Los Angeles,wholesale,,Domestic,,,,2105.0,Pounds,,3646,Weekly National Chicken Report,2026-09-26T14:23:01+00:00
99d1d9b5b4322202,2025-05-19,Chicken,ALL Items,Fresh Domestic,,All Sizes,,,,,Fresh,,106.0,163.0,,,135.08,cents/lb,1.3508,per lb,National,wholesale,,Domestic,,,,10928.0,Pounds,,3646,Weekly National Chicken Report,2026-09-26T14:23:01+00:00
9ca11d87a3066911,2025-05-19,Chicken,Backs and Necks Stripped,Fresh Domestic,,,,,,,Fresh,,12.0,14.0,,,12.9,cents/lb,0.129,per lb,National,wholesale,,Domestic,,,,792.0,Pounds,,3646,Weekly National Chicken Report,2026-09-26T14:23:01+00:00
d5d35833a7222001,2025-05-19,Chicken,Breast - B/S,Fresh Domestic,,,,,,,Fresh,,222.0,298.0,,,275.95,cents/lb,2.7595,per lb,National,wholesale,,Domestic,,,,2197.0,Pounds,,3646,Weekly National Chicken Report,2026-09-26T14:23:01+00:00
f2e0e014f76ba09e,2025-05-19,Chicken,Breast - Line Run,Fresh Domestic,,,,,,,Fresh,,155.0,157.0,,,155.81,cents/lb,1.5581,per lb,National,wholesale,,Domestic,,,,115.0,Pounds,,3646,Weekly National Chicken Report,2026-09-26T14:23:01+00:00
eb0284ec5801c327,2025-05-19,Chicken,Breast With Ribs,Fresh Domestic,,,,,,,Fresh,,160.0,198.0,,,192.73,cents/lb,1.9273,per lb,National,wholesale,,Domestic,,,,283.0,Pounds,,3646,Weekly National Chicken Report,2026-09-26T14:23:01+00:00
7c4e463fdd51d801,2025-05-19,Chicken,Drumsticks,Fresh Domestic,,,,,,,Fresh,,43.0,60.0,,,51.55,cents/lb,0.5155,per lb,National,wholesale,,Domestic,,,,673.0,Pounds,,3646,Weekly National Chicken Report,2026-09-26T14:23:01+00:00
7b6849e4c89fb4ad,2025-05-19,Chicken,Drumsticks,Frozen Export,,,,,,,Frozen,,48.0,53.0,,,51.65,cents/lb,0.5165,per lb,National,wholesale,,Export,,,,1404.0,Pounds,,3646,Weekly National Chicken Report,2026-09-26T14:23:01+00:00
21ad2c5fc0c76579,2025-05-19,Chicken,Frames,Fresh Domestic,,,,,,,Fresh,,9.0,11.0,,,9.97,cents/lb,0.0997,per lb,National,wholesale,,Domestic,,,,1280.0,Pounds,,3646,Weekly National Chicken Report,2026-09-26T14:23:01+00:00
746a6ebaa65e740b,2025-05-19,Chicken,Gizzards and Hearts,Fresh Domestic,,,,,,,Fresh,,81.0,91.0,,,83.84,cents/lb,0.8384,per lb,National,wholesale,,Domestic,,,,120.0,Pounds,,3646,Weekly National Chicken Report,2026-09-26T14:23:01+00:00
0f8f7bf8d17a5b5f,2025-05-19,Chicken,Leg quarters - Bulk,Fresh Domestic,,,,,,,Fresh,,44.0,59.0,,,54.92,cents/lb,0.5492,per lb,National,wholesale,,Domestic,,,,1444.0,Pounds,,3646,Weekly National Chicken Report,2026-09-26T14:23:01+00:00
0f09722c1d94cdd8,2025-05-19,Chicken,Leg quarters - Bulk,Frozen Export,,,,,,,Frozen,,50.0,53.0,,,52.67,cents/lb,0.5267,per lb,National,wholesale,,Export,,,,6748.0,Pounds,,3646,Weekly National Chicken Report,2026-09-26T14:23:01+00:00
1b97d574405cd334,2025-05-19,Chicken,Legs - Bone-in,Fresh Domestic,,,,,,,Fresh,,84.0,94.0,,,87.99,cents/lb,0.8799,per lb,National,wholesale,,Domestic,,,,374.0,Pounds,,3646,Weekly National Chicken Report,2026-09-26T14:23:01+00:00
bc3917b373655451,2025-05-19,Chicken,Livers,Fresh Domestic,,,,,,,Fresh,,69.0,71.0,,,70.39,cents/lb,0.7039,per lb,National,wholesale,,Domestic,,,,95.0,Pounds,,3646,Weekly National Chicken Report,2026-09-26T14:23:01+00:00
4925124813026a48,2025-05-19,Chicken,"MSC, 15-20% Fat Content",Fresh Domestic,,,,,,,Fresh,,24.0,27.0,,,25.36,cents/lb,0.2536,per lb,National,wholesale,,Domestic,,,,448.0,Pounds,,3646,Weekly National Chicken Report,2026-09-26T14:23:01+00:00
5caa5183b45d9502,2025-05-19,Chicken,"MSC, 15-20% Fat Content",Fresh Export,,,,,,,Fresh,,23.0,24.0,,,23.33,cents/lb,0.2333,per lb,National,wholesale,,Export,,,,122.0,Pounds,,3646,Weekly National Chicken Report,2026-09-26T14:23:01+00:00
a9a4132430472d0e,2025-05-19,Chicken,"MSC, 15-20% Fat Content",Frozen Export,,,,,,,Frozen,,33.0,36.0,,,34.76,cents/lb,0.3476,per lb,National,wholesale,,Export,,,,918.0,Pounds,,3646,Weekly National Chicken Report,2026-09-26T14:23:01+00:00
cc85c120fe5b7ea8,2025-05-19,Chicken,RTC Broiler/Fryer,Fresh Domestic,,3.00 LB and Lighter,,,,,Fresh,,133.0,137.0,,,135.5,cents/lb,1.355,per lb,National,wholesale,,Domestic,,,,420.0,Pounds,,3646,Weekly National Chicken Report,2026-09-26T14:23:01+00:00
cc76deca4f9069fa,2025-05-19,Chicken,RTC Broiler/Fryer,Fresh Domestic,,3.01 LB and heavier,,,,,Fresh,,122.0,153.0,,,134.2,cents/lb,1.342,per lb,National,wholesale,,Domestic,,,,1459.0,Pounds,,3646,Weekly National Chicken Report,2026-09-26T14:23:01+00:00
2a344098f6841300,2025-05-19,Chicken,RTC Broiler/Fryer,Fresh Domestic,,ALL Sizes,,,,,Fresh,,122.0,153.0,,,134.49,cents/lb,1.3449,per lb,National,wholesale,,Domestic,,,,1879.0,Pounds,,3646,Weekly National Chicken Report,2026-09-26T14:23:01+00:00
c4b2b68297518139,2025-05-19,Chicken,Tenderloins,Fresh Domestic,,,,,,,Fresh,,223.0,272.0,,,244.32,cents/lb,2.4432,per lb,National,wholesale,,Domestic,,,,1292.0,Pounds,,3646,Weekly National Chicken Report,2026-09-26T14:23:01+00:00
c996da09e0c41ff2,2025-05-19,Chicken,Thighs - B/S,Fresh Domestic,,,,,,,Fresh,,233.0,267.0,,,245.18,cents/lb,2.4518,per lb,National,wholesale,,Domestic,,,,781.0,Pounds,,3646,Weekly National Chicken Report,2026-09-26T14:23:01+00:00
efa428d88b3378d2,2025-05-19,Chicken,Thighs - B/S,Frozen Export,,,,,,,Frozen,,200.0,230.0,,,213.33,cents/lb,2.1333,per lb,National,wholesale,,Export,,,,486.0,Pounds,,3646,Weekly National Chicken Report,2026-09-26T14:23:01+00:00
affee6120c55e8d1,2025-05-19,Chicken,Thighs - Bone-in,Fresh Domestic,,,,,,,Fresh,,86.0,88.0,,,87.98,cents/lb,0.8798,per lb,National,wholesale,,Domestic,,,,20.0,Pounds,,3646,Weekly National Chicken Report,2026-09-26T14:23:01+00:00
c687971d7f1d09ee,2025-05-19,Chicken,WOG,Fresh Domestic,,2.50 LB and lighter,,,,,Fresh,,133.0,163.0,,,143.6,cents/lb,1.436,per lb,National,wholesale,,Domestic,,,,1549.0,Pounds,,3646,Weekly National Chicken Report,2026-09-26T14:23:01+00:00
7e9c9c65d694d3da,2025-05-19,Chicken,WOG,Fresh Domestic,,2.51 to 3.50 LB,,,,,Fresh,,114.0,155.0,,,135.17,cents/lb,1.3517,per lb,National,wholesale,,Domestic,,,,6344.0,Pounds,,3646,Weekly National Chicken Report,2026-09-26T14:23:01+00:00
47badab45be1321e,2025-05-19,Chicken,WOG,Fresh Domestic,,3.51 LB and heavier,,,,,Fresh,,106.0,130.0,,,124.07,cents/lb,1.2407,per lb,National,wholesale,,Domestic,,,,1154.0,Pounds,,3646,Weekly National Chicken Report,2026-09-26T14:23:01+00:00
b223e48053ba6c7c,2025-05-19,Chicken,WOG,Fresh Domestic,,All Sizes,,,,,Fresh,,106.0,163.0,,,135.2,cents/lb,1.352,per lb,National,wholesale,,Domestic,,,,9049.0,Pounds,,3646,Weekly National Chicken Report,2026-09-26T14:23:01+00:00
debabf5820713314,2025-05-19,Chicken,Wings - Whole,Fresh Domestic,,,,,,,Fresh,,102.0,136.0,,,114.45,cents/lb,1.1445,per lb,National,wholesale,,Domestic,,,,853.0,Pounds,,3646,Weekly National Chicken Report,2026-09-26T14:23:01+00:00
9c024916eb960467,2025-05-19,Chicken,All Items,Fresh Domestic,,All Sizes,,,,,Fresh,,111.0,146.0,,,135.08,cents/lb,1.3508,per lb,New York,wholesale,,Domestic,,,,2380.0,Pounds,,3646,Weekly National Chicken Report,2026-09-26T14:23:01+00:00
a80e18c5aecf64cc,2025-05-19,Chicken,All Items,Fresh Domestic,,All Sizes,,,,,Fresh,,117.0,163.0,,,148.36,cents/lb,1.4836,per lb,Western,wholesale,,Domestic,,,,3055.0,Pounds,,3646,Weekly National Chicken Report,2026-09-26T14:23:01+00:00
e5ce79b23e57bcb2,2025-05-19,Chicken,WOG,Fresh Domestic,,All Sizes,,,,,Fresh,,117.0,163.0,,,148.41,cents/lb,1.4841,per lb,Western,wholesale,,Domestic,,,,2845.0,Pounds,,3646,Weekly National Chicken Report,2026-09-26T14:23:01+00:00
241d25886d94bd62,2025-05-26,Chicken,All Items,Fresh Domestic,,All Sizes,,,,,Fresh,,121.0,165.0,,,128.48,cents/lb,1.2848,per lb,Central,wholesale,,Domestic,,,,2840.0,Pounds,,3646,Weekly National Chicken Report,2026-09-26T14:23:01+00:00
e66b7204b15059ba,2025-05-26,Chicken,WOG,Fresh Domestic,,All Sizes,,,,,Fresh,,121.0,131.0,,,127.13,cents/lb,1.2713,per lb,Central,wholesale,,Domestic,,,,2704.0,Pounds,,3646,Weekly National Chicken Report,2026-09-26T14:23:01+00:00
5fd0542c888732e6,2025-05-26,Chicken,All Items,Fresh Domestic,,All Sizes,,,,,Fresh,,121.0,131.0,,,126.85,cents/lb,1.2685,per lb,Chicago,wholesale,,Domestic,,,,1327.0,Pounds,,3646,Weekly National Chicken Report,2026-09-26T14:23:01+00:00
4692286d4d24cc0c,2025-05-26,Chicken,All Items,Fresh Domestic,,All Sizes,,,,,Fresh,,113.0,147.0,,,132.98,cents/lb,1.3298,per lb,Eastern,wholesale,,Domestic,,,,4436.0,Pounds,,3646,Weekly National Chicken Report,2026-09-26T14:23:01+00:00
a581f34516a075d2,2025-05-26,Chicken,WOG,Fresh Domestic,,All Sizes,,,,,Fresh,,113.0,147.0,,,132.75,cents/lb,1.3275,per lb,Eastern,wholesale,,Domestic,,,,2819.0,Pounds,,3646,Weekly National Chicken Report,2026-09-26T14:23:01+00:00
438f63aac10c11b2,2025-05-26,Chicken,All Items,Fresh Domestic,,All Sizes,,,,,Fresh,,120.0,155.0,,,149.53,cents/lb,1.4953,per lb,Los Angeles,wholesale,,Domestic,,,,1860.0,Pounds,,3646,Weekly National Chicken Report,2026-09-26T14:23:01+00:00
c08800a6a167f0a5,2025-05-26,Chicken,ALL Items,Fresh Domestic,,All Sizes,,,,,Fresh,,113.0,165.0,,,136.16,cents/lb,1.3616,per lb,National,wholesale,,Domestic,,,,10016.0,Pounds,,3646,Weekly National Chicken Report,2026-09-26T14:23:01+00:00
35cd0daf7647ea26,2025-05-26,Chicken,Backs and Necks Stripped,Fresh Domestic,,,,,,,Fresh,,11.0,14.0,,,12.13,cents/lb,0.1213,per lb,National,wholesale,,Domestic,,,,609.0,Pounds,,3646,Weekly National Chicken Report,2026-09-26T14:23:01+00:00
44dfe705bcf00528,2025-05-26,Chicken,Breast - B/S,Fresh Domestic,,,,,,,Fresh,,222.0,298.0,,,277.27,cents/lb,2.7727,per lb,National,wholesale,,Domestic,,,,1582.0,Pounds,,3646,Weekly National Chicken Report,2026-09-26T14:23:01+00:00
c73dca5f52cff969,2025-05-26,Chicken,Breast - Line Run,Fresh Domestic,,,,,,,Fresh,,155.0,157.0,,,155.76,cents/lb,1.5576,per lb,National,wholesale,,Domestic,,,,122.0,Pounds,,3646,Weekly National Chicken Report,2026-09-26T14:23:01+00:00
09cd95692daa179b,2025-05-26,Chicken,Breast With Ribs,Fresh Domestic,,,,,,,Fresh,,165.0,198.0,,,191.53,cents/lb,1.9153,per lb,National,wholesale,,Domestic,,,,170.0,Pounds,,3646,Weekly National Chicken Report,2026-09-26T14:23:01+00:00
c1f1a2a3de0d2348,2025-05-26,Chicken,Drumsticks,Fresh Domestic,,,,,,,Fresh,,45.0,61.0,,,51.91,cents/lb,0.5191,per lb,National,wholesale,,Domestic,,,,427.0,Pounds,,3646,Weekly National Chicken Report,2026-09-26T14:23:01+00:00
13cf30d8bc0aceac,2025-05-26,Chicken,Drumsticks,Frozen Export,,,,,,,Frozen,,48.0,52.0,,,50.22,cents/lb,0.5022,per lb,National,wholesale,,Export,,,,1458.0,Pounds,,3646,Weekly National Chicken Report,2026-09-26T14:23:01+00:00
97da2817c88675b5,2025-05-26,Chicken,Frames,Fresh Domestic,,,,,,,Fresh,,6.0,9.0,,,8.08,cents/lb,0.0808,per lb,National,wholesale,,Domestic,,,,1440.0,Pounds,,3646,Weekly National Chicken Report,2026-09-26T14:23:01+00:00
4b5932bd4e64b3a9,2025-05-26,Chicken,Gizzards and Hearts,Fresh Domestic,,,,,,,Fresh,,78.0,90.0,,,83.41,cents/lb,0.8341,per lb,National,wholesale,,Domestic,,,,99.0,Pounds,,3646,Weekly National Chicken Report,2026-09-26T14:23:01+00:00
8e9f23539a8761c9,2025-05-26,Chicken,Leg quarters - Bulk,Fresh Domestic,,,,,,,Fresh,,51.0,57.0,,,54.62,cents/lb,0.5462,per lb,National,wholesale,,Domestic,,,,1179.0,Pounds,,3646,Weekly National Chicken Report,2026-09-26T14:23:01+00:00
114ae6b34a5892cf,2025-05-26,Chicken,Leg quarters - Bulk,Frozen Export,,,,,,,Frozen,,50.0,53.0,,,51.21,cents/lb,0.5121,per lb,National,wholesale,,Export,,,,2160.0,Pounds,,3646,Weekly National Chicken Report,2026-09-26T14:23:01+00:00
4b19e8e5ef660577,2025-05-26,Chicken,Legs - Bone-in,Fresh Domestic,,,,,,,Fresh,,83.0,90.0,,,87.54,cents/lb,0.8754,per lb,National,wholesale,,Domestic,,,,289.0,Pounds,,3646,Weekly National Chicken Report,2026-09-26T14:23:01+00:00
75c91fc44cbfb1b9,2025-05-26,Chicken,Livers,Fresh Domestic,,,,,,,Fresh,,63.0,71.0,,,70.69,cents/lb,0.7069,per lb,National,wholesale,,Domestic,,,,74.0,Pounds,,3646,Weekly National Chicken Report,2026-09-26T14:23:01+00:00
0751479b95110336,2025-05-26,Chicken,"MSC, 15-20% Fat Content",Fresh Domestic,,,,,,,Fresh,,24.0,26.0,,,25.3,cents/lb,0.253,per lb,National,wholesale,,Domestic,,,,408.0,Pounds,,3646,Weekly National Chicken Report,2026-09-26T14:23:01+00:00
62aa9fbcb0a1d4d4,2025-05-26,Chicken,"MSC, 15-20% Fat Content",Frozen Export,,,,,,,Frozen,,33.0,36.0,,,34.14,cents/lb,0.3414,per lb,National,wholesale,,Export,,,,756.0,Pounds,,3646,Weekly National Chicken Report,2026-09-26T14:23:01+00:00
538a564d0ae9a401,2025-05-26,Chicken,RTC Broiler/Fryer,Fresh Domestic,,3.00 LB and Lighter,,,,,Fresh,,134.0,139.0,,,137.17,cents/lb,1.3717,per lb,National,wholesale,,Domestic,,,,420.0,Pounds,,3646,Weekly National Chicken Report,2026-09-26T14:23:01+00:00
58e5d15e4f2f4dee,2025-05-26,Chicken,RTC Broiler/Fryer,Fresh Domestic,,3.01 LB and heavier,,,,,Fresh,,122.0,165.0,,,136.02,cents/lb,1.3602,per lb,National,wholesale,,Domestic,,,,1472.0,Pounds,,3646,Weekly National Chicken Report,2026-09-26T14:23:01+00:00
ba628f8927142f20,2025-05-26,Chicken,RTC Broiler/Fryer,Fresh Domestic,,ALL Sizes,,,,,Fresh,,122.0,165.0,,,136.27,cents/lb,1.3627,per lb,National,wholesale,,Domestic,,,,1892.0,Pounds,,3646,Weekly National Chicken Report,2026-09-26T14:23:01+00:00
bd423b15e99b1d89,2025-05-26,Chicken,Tenderloins,Fresh Domestic,,,,,,,Fresh,,228.0,277.0,,,250.55,cents/lb,2.5055,per lb,National,wholesale,,Domestic,,,,924.0,Pounds,,3646,Weekly National Chicken Report,2026-09-26T14:23:01+00:00
397a5b3e1ed31120,2025-05-26,Chicken,Thighs - B/S,Fresh Domestic,,,,,,,Fresh,,237.0,267.0,,,246.18,cents/lb,2.4618,per lb,National,wholesale,,Domestic,,,,620.0,Pounds,,3646,Weekly National Chicken Report,2026-09-26T14:23:01+00:00
6cb92c6a427d95f1,2025-05-26,Chicken,Thighs - Bone-in,Fresh Domestic,,,,,,,Fresh,,87.0,88.0,,,87.99,cents/lb,0.8799,per lb,National,wholesale,,Domestic,,,,22.0,Pounds,,3646,Weekly National Chicken Report,2026-09-26T14:23:01+00:00
e1f13c9729c33eec,2025-05-26,Chicken,WOG,Fresh Domestic,,2.50 LB and lighter,,,,,Fresh,,132.0,163.0,,,145.05,cents/lb,1.4505,per lb,National,wholesale,,Domestic,,,,1248.0,Pounds,,3646,Weekly National Chicken Report,2026-09-26T14:23:01+00:00
ca31427748799948,2025-05-26,Chicken,WOG,Fresh Domestic,,2.51 to 3.50 LB,,,,,Fresh,,115.0,155.0,,,135.54,cents/lb,1.3554,per lb,National,wholesale,,Domestic,,,,6258.0,Pounds,,3646,Weekly National Chicken Report,2026-09-26T14:23:01+00:00
b7d8f787fbd8097f,2025-05-26,Chicken,WOG,Fresh Domestic,,3.51 LB and heavier,,,,,Fresh,,113.0,128.0,,,124.15,cents/lb,1.2415,per lb,National,wholesale,,Domestic,,,,616.0,Pounds,,3646,Weekly National Chicken Report,2026-09-26T14:23:01+00:00
4e76772e10114ec5,2025-05-26,Chicken,WOG,Fresh Domestic,,All Sizes,,,,,Fresh,,113.0,163.0,,,136.14,cents/lb,1.3614,per lb,National,wholesale,,Domestic,,,,8123.0,Pounds,,3646,Weekly National Chicken Report,2026-09-26T14:23:01+00:00
bb73406c3046c213,2025-05-26,Chicken,Wings - Whole,Fresh Domestic,,,,,,,Fresh,,102.0,135.0,,,115.68,cents/lb,1.1568,per lb,National,wholesale,,Domestic,,,,779.0,Pounds,,3646,Weekly National Chicken Report,2026-09-26T14:23:01+00:00
b0836347c8b7f65f,2025-05-26,Chicken,All Items,Fresh Domestic,,All Sizes,,,,,Fresh,,113.0,147.0,,,135.75,cents/lb,1.3575,per lb,New York,wholesale,,Domestic,,,,2275.0,Pounds,,3646,Weekly National Chicken Report,2026-09-26T14:23:01+00:00
ddd106cb3b4738fd,2025-05-26,Chicken,All Items,Fresh Domestic,,All Sizes,,,,,Fresh,,120.0,163.0,,,149.27,cents/lb,1.4927,per lb,Western,wholesale,,Domestic,,,,2740.0,Pounds,,3646,Weekly National Chicken Report,2026-09-26T14:23:01+00:00
dab8b5339d9f7ddb,2025-05-26,Chicken,WOG,Fresh Domestic,,All Sizes,,,,,Fresh,,120.0,163.0,,,149.18,cents/lb,1.4918,per lb,Western,wholesale,,Domestic,,,,2600.0,Pounds,,3646,Weekly National Chicken Report,2026-09-26T14:23:01+00:00
