signal,direction,commodity,market,horizon_weeks,fired,hit_rate,base_rate,lift
shipping point lead,up,Avocados,Chicago,2,32,0.75,0.23,3.26
shipping point lead,down,Avocados,Chicago,2,20,0.65,0.264,2.46
"shipping point lead, terminal not yet moved",up,Avocados,Chicago,2,9,0.778,0.23,3.38
"shipping point lead, terminal not yet moved",down,Avocados,Chicago,2,3,0.333,0.264,1.26
corr sp->terminal lag 0w,,Avocados,Chicago,0,559,0.504,,
corr sp->terminal lag 1w,,Avocados,Chicago,1,558,0.52,,
corr sp->terminal lag 2w,,Avocados,Chicago,2,557,0.244,,
corr sp->terminal lag 3w,,Avocados,Chicago,3,556,0.025,,
USDA tone (terminal),up,Avocados,Chicago,1,20,0.4,0.15,2.66
USDA tone (terminal),down,Avocados,Chicago,1,11,0.364,0.133,2.72
terminal momentum,up,Avocados,Chicago,1,44,0.409,0.149,2.75
terminal momentum,down,Avocados,Chicago,1,27,0.444,0.142,3.14
shipping point lead,up,Avocados,Los Angeles,2,32,0.625,0.214,2.92
shipping point lead,down,Avocados,Los Angeles,2,20,0.75,0.256,2.93
"shipping point lead, terminal not yet moved",up,Avocados,Los Angeles,2,11,0.727,0.213,3.41
"shipping point lead, terminal not yet moved",down,Avocados,Los Angeles,2,5,0.6,0.257,2.34
corr sp->terminal lag 0w,,Avocados,Los Angeles,0,555,0.394,,
corr sp->terminal lag 1w,,Avocados,Los Angeles,1,554,0.463,,
corr sp->terminal lag 2w,,Avocados,Los Angeles,2,553,0.312,,
corr sp->terminal lag 3w,,Avocados,Los Angeles,3,552,0.037,,
USDA tone (terminal),up,Avocados,Los Angeles,1,13,0.462,0.125,3.69
USDA tone (terminal),down,Avocados,Los Angeles,1,35,0.629,0.145,4.33
terminal momentum,up,Avocados,Los Angeles,1,37,0.324,0.123,2.63
terminal momentum,down,Avocados,Los Angeles,1,37,0.514,0.152,3.37
shipping point lead,up,Avocados,New York,2,32,0.531,0.284,1.87
shipping point lead,down,Avocados,New York,2,20,0.6,0.329,1.83
"shipping point lead, terminal not yet moved",up,Avocados,New York,2,5,0.4,0.284,1.41
"shipping point lead, terminal not yet moved",down,Avocados,New York,2,5,0.4,0.329,1.22
corr sp->terminal lag 0w,,Avocados,New York,0,559,0.546,,
corr sp->terminal lag 1w,,Avocados,New York,1,558,0.423,,
corr sp->terminal lag 2w,,Avocados,New York,2,557,0.147,,
corr sp->terminal lag 3w,,Avocados,New York,3,556,-0.017,,
USDA tone (terminal),up,Avocados,New York,1,56,0.446,0.199,2.24
USDA tone (terminal),down,Avocados,New York,1,58,0.379,0.208,1.82
terminal momentum,up,Avocados,New York,1,43,0.372,0.199,1.87
terminal momentum,down,Avocados,New York,1,32,0.344,0.208,1.65
terminal momentum,up,Bananas,Chicago,1,5,0.0,0.03,0.0
terminal momentum,down,Bananas,Chicago,1,1,0.0,0.009,0.0
USDA tone (terminal),up,Bananas,Los Angeles,1,3,0.0,0.013,0.0
USDA tone (terminal),down,Bananas,Los Angeles,1,2,0.0,0.006,0.0
terminal momentum,up,Bananas,Los Angeles,1,1,0.0,0.013,0.0
terminal momentum,down,Bananas,Los Angeles,1,1,0.0,0.005,0.0
USDA tone (terminal),up,Bananas,New York,1,1,1.0,0.011,93.0
USDA tone (terminal),down,Bananas,New York,1,1,0.0,0.014,0.0
terminal momentum,up,Bananas,New York,1,1,0.0,0.011,0.0
shipping point lead,up,Blueberries,Chicago,2,57,0.684,0.319,2.14
shipping point lead,down,Blueberries,Chicago,2,81,0.716,0.446,1.61
"shipping point lead, terminal not yet moved",up,Blueberries,Chicago,2,31,0.774,0.321,2.41
"shipping point lead, terminal not yet moved",down,Blueberries,Chicago,2,28,0.679,0.447,1.52
corr sp->terminal lag 0w,,Blueberries,Chicago,0,383,0.371,,
corr sp->terminal lag 1w,,Blueberries,Chicago,1,383,0.408,,
corr sp->terminal lag 2w,,Blueberries,Chicago,2,384,0.229,,
corr sp->terminal lag 3w,,Blueberries,Chicago,3,385,0.068,,
USDA tone (terminal),up,Blueberries,Chicago,1,6,0.333,0.295,1.13
USDA tone (terminal),down,Blueberries,Chicago,1,7,0.571,0.326,1.75
terminal momentum,up,Blueberries,Chicago,1,107,0.299,0.289,1.03
terminal momentum,down,Blueberries,Chicago,1,109,0.321,0.33,0.97
shipping point lead,up,Blueberries,Los Angeles,2,58,0.672,0.358,1.88
shipping point lead,down,Blueberries,Los Angeles,2,79,0.722,0.377,1.92
"shipping point lead, terminal not yet moved",up,Blueberries,Los Angeles,2,27,0.704,0.359,1.96
"shipping point lead, terminal not yet moved",down,Blueberries,Los Angeles,2,34,0.824,0.378,2.18
corr sp->terminal lag 0w,,Blueberries,Los Angeles,0,381,0.327,,
corr sp->terminal lag 1w,,Blueberries,Los Angeles,1,381,0.313,,
corr sp->terminal lag 2w,,Blueberries,Los Angeles,2,380,0.239,,
corr sp->terminal lag 3w,,Blueberries,Los Angeles,3,380,0.174,,
USDA tone (terminal),up,Blueberries,Los Angeles,1,8,0.375,0.249,1.51
USDA tone (terminal),down,Blueberries,Los Angeles,1,19,0.842,0.27,3.12
terminal momentum,up,Blueberries,Los Angeles,1,79,0.38,0.252,1.51
terminal momentum,down,Blueberries,Los Angeles,1,85,0.471,0.277,1.7
shipping point lead,up,Blueberries,New York,2,57,0.632,0.341,1.85
shipping point lead,down,Blueberries,New York,2,82,0.732,0.517,1.42
"shipping point lead, terminal not yet moved",up,Blueberries,New York,2,15,0.533,0.34,1.57
"shipping point lead, terminal not yet moved",down,Blueberries,New York,2,15,0.733,0.517,1.42
corr sp->terminal lag 0w,,Blueberries,New York,0,389,0.478,,
corr sp->terminal lag 1w,,Blueberries,New York,1,389,0.336,,
corr sp->terminal lag 2w,,Blueberries,New York,2,389,0.15,,
corr sp->terminal lag 3w,,Blueberries,New York,3,388,0.057,,
USDA tone (terminal),up,Blueberries,New York,1,30,0.6,0.342,1.76
USDA tone (terminal),down,Blueberries,New York,1,66,0.712,0.398,1.79
terminal momentum,up,Blueberries,New York,1,132,0.432,0.332,1.3
terminal momentum,down,Blueberries,New York,1,150,0.54,0.408,1.32
shipping point lead,up,Broccoli,Chicago,2,144,0.715,0.368,1.94
shipping point lead,down,Broccoli,Chicago,2,134,0.724,0.355,2.04
"shipping point lead, terminal not yet moved",up,Broccoli,Chicago,2,54,0.796,0.368,2.16
"shipping point lead, terminal not yet moved",down,Broccoli,Chicago,2,51,0.804,0.355,2.26
corr sp->terminal lag 0w,,Broccoli,Chicago,0,559,0.457,,
corr sp->terminal lag 1w,,Broccoli,Chicago,1,558,0.63,,
corr sp->terminal lag 2w,,Broccoli,Chicago,2,557,0.209,,
corr sp->terminal lag 3w,,Broccoli,Chicago,3,556,-0.082,,
USDA tone (terminal),up,Broccoli,Chicago,1,23,0.478,0.267,1.79
USDA tone (terminal),down,Broccoli,Chicago,1,26,0.423,0.292,1.45
terminal momentum,up,Broccoli,Chicago,1,90,0.333,0.267,1.25
terminal momentum,down,Broccoli,Chicago,1,67,0.448,0.292,1.53
shipping point lead,up,Broccoli,Los Angeles,2,144,0.576,0.345,1.67
shipping point lead,down,Broccoli,Los Angeles,2,134,0.634,0.352,1.8
"shipping point lead, terminal not yet moved",up,Broccoli,Los Angeles,2,46,0.652,0.345,1.89
"shipping point lead, terminal not yet moved",down,Broccoli,Los Angeles,2,45,0.644,0.352,1.83
corr sp->terminal lag 0w,,Broccoli,Los Angeles,0,559,0.629,,
corr sp->terminal lag 1w,,Broccoli,Los Angeles,1,558,0.561,,
corr sp->terminal lag 2w,,Broccoli,Los Angeles,2,557,0.095,,
corr sp->terminal lag 3w,,Broccoli,Los Angeles,3,556,-0.085,,
USDA tone (terminal),up,Broccoli,Los Angeles,1,34,0.765,0.244,3.14
USDA tone (terminal),down,Broccoli,Los Angeles,1,31,0.613,0.246,2.5
terminal momentum,up,Broccoli,Los Angeles,1,85,0.424,0.244,1.74
terminal momentum,down,Broccoli,Los Angeles,1,66,0.318,0.246,1.3
shipping point lead,up,Broccoli,New York,2,144,0.66,0.357,1.85
shipping point lead,down,Broccoli,New York,2,134,0.709,0.379,1.87
"shipping point lead, terminal not yet moved",up,Broccoli,New York,2,57,0.789,0.357,2.21
"shipping point lead, terminal not yet moved",down,Broccoli,New York,2,43,0.721,0.379,1.9
corr sp->terminal lag 0w,,Broccoli,New York,0,559,0.554,,
corr sp->terminal lag 1w,,Broccoli,New York,1,558,0.675,,
corr sp->terminal lag 2w,,Broccoli,New York,2,557,0.16,,
corr sp->terminal lag 3w,,Broccoli,New York,3,556,-0.163,,
USDA tone (terminal),up,Broccoli,New York,1,31,0.645,0.262,2.46
USDA tone (terminal),down,Broccoli,New York,1,32,0.875,0.297,2.95
terminal momentum,up,Broccoli,New York,1,102,0.382,0.263,1.45
terminal momentum,down,Broccoli,New York,1,86,0.488,0.297,1.64
shipping point lead,up,Carrots,Chicago,2,2,0.0,0.052,0.0
shipping point lead,down,Carrots,Chicago,2,2,0.0,0.048,0.0
"shipping point lead, terminal not yet moved",up,Carrots,Chicago,2,2,0.0,0.052,0.0
"shipping point lead, terminal not yet moved",down,Carrots,Chicago,2,2,0.0,0.048,0.0
corr sp->terminal lag 0w,,Carrots,Chicago,0,559,0.062,,
corr sp->terminal lag 1w,,Carrots,Chicago,1,558,0.051,,
corr sp->terminal lag 2w,,Carrots,Chicago,2,557,0.107,,
corr sp->terminal lag 3w,,Carrots,Chicago,3,556,0.094,,
USDA tone (terminal),up,Carrots,Chicago,1,6,0.0,0.027,0.0
USDA tone (terminal),down,Carrots,Chicago,1,6,0.0,0.023,0.0
terminal momentum,up,Carrots,Chicago,1,2,0.0,0.027,0.0
terminal momentum,down,Carrots,Chicago,1,1,0.0,0.023,0.0
shipping point lead,up,Carrots,Los Angeles,2,2,0.0,0.027,0.0
shipping point lead,down,Carrots,Los Angeles,2,2,0.0,0.02,0.0
"shipping point lead, terminal not yet moved",up,Carrots,Los Angeles,2,2,0.0,0.027,0.0
"shipping point lead, terminal not yet moved",down,Carrots,Los Angeles,2,2,0.0,0.02,0.0
corr sp->terminal lag 0w,,Carrots,Los Angeles,0,559,0.084,,
corr sp->terminal lag 1w,,Carrots,Los Angeles,1,558,0.136,,
corr sp->terminal lag 2w,,Carrots,Los Angeles,2,557,0.039,,
corr sp->terminal lag 3w,,Carrots,Los Angeles,3,556,0.077,,
terminal momentum,up,Carrots,Los Angeles,1,1,0.0,0.014,0.0
terminal momentum,down,Carrots,Los Angeles,1,1,0.0,0.009,0.0
shipping point lead,up,Carrots,New York,2,2,0.0,0.133,0.0
shipping point lead,down,Carrots,New York,2,2,0.0,0.153,0.0
"shipping point lead, terminal not yet moved",up,Carrots,New York,2,1,0.0,0.133,0.0
"shipping point lead, terminal not yet moved",down,Carrots,New York,2,1,0.0,0.153,0.0
corr sp->terminal lag 0w,,Carrots,New York,0,559,0.156,,
corr sp->terminal lag 1w,,Carrots,New York,1,558,0.067,,
corr sp->terminal lag 2w,,Carrots,New York,2,557,0.068,,
corr sp->terminal lag 3w,,Carrots,New York,3,556,-0.001,,
USDA tone (terminal),up,Carrots,New York,1,7,0.429,0.091,4.69
USDA tone (terminal),down,Carrots,New York,1,6,0.333,0.081,4.13
terminal momentum,up,Carrots,New York,1,13,0.231,0.091,2.52
terminal momentum,down,Carrots,New York,1,12,0.0,0.081,0.0
shipping point lead,up,Celery,Chicago,2,91,0.769,0.355,2.16
shipping point lead,down,Celery,Chicago,2,80,0.738,0.314,2.35
"shipping point lead, terminal not yet moved",up,Celery,Chicago,2,30,0.8,0.355,2.25
"shipping point lead, terminal not yet moved",down,Celery,Chicago,2,30,0.667,0.314,2.12
corr sp->terminal lag 0w,,Celery,Chicago,0,559,0.495,,
corr sp->terminal lag 1w,,Celery,Chicago,1,558,0.626,,
corr sp->terminal lag 2w,,Celery,Chicago,2,557,0.389,,
corr sp->terminal lag 3w,,Celery,Chicago,3,556,0.16,,
USDA tone (terminal),up,Celery,Chicago,1,19,0.632,0.252,2.51
USDA tone (terminal),down,Celery,Chicago,1,25,0.6,0.243,2.47
terminal momentum,up,Celery,Chicago,1,70,0.371,0.251,1.48
terminal momentum,down,Celery,Chicago,1,60,0.45,0.24,1.87
shipping point lead,up,Celery,Los Angeles,2,91,0.626,0.302,2.08
shipping point lead,down,Celery,Los Angeles,2,80,0.7,0.345,2.03
"shipping point lead, terminal not yet moved",up,Celery,Los Angeles,2,19,0.789,0.302,2.62
"shipping point lead, terminal not yet moved",down,Celery,Los Angeles,2,20,0.65,0.345,1.89
corr sp->terminal lag 0w,,Celery,Los Angeles,0,559,0.689,,
corr sp->terminal lag 1w,,Celery,Los Angeles,1,558,0.537,,
corr sp->terminal lag 2w,,Celery,Los Angeles,2,557,0.174,,
corr sp->terminal lag 3w,,Celery,Los Angeles,3,556,0.005,,
USDA tone (terminal),up,Celery,Los Angeles,1,28,0.821,0.225,3.66
USDA tone (terminal),down,Celery,Los Angeles,1,22,0.727,0.237,3.06
terminal momentum,up,Celery,Los Angeles,1,77,0.442,0.224,1.97
terminal momentum,down,Celery,Los Angeles,1,74,0.405,0.238,1.7
shipping point lead,up,Celery,New York,2,90,0.789,0.321,2.46
shipping point lead,down,Celery,New York,2,80,0.788,0.344,2.29
"shipping point lead, terminal not yet moved",up,Celery,New York,2,30,0.867,0.319,2.71
"shipping point lead, terminal not yet moved",down,Celery,New York,2,25,0.68,0.345,1.97
corr sp->terminal lag 0w,,Celery,New York,0,558,0.584,,
corr sp->terminal lag 1w,,Celery,New York,1,557,0.66,,
corr sp->terminal lag 2w,,Celery,New York,2,556,0.327,,
corr sp->terminal lag 3w,,Celery,New York,3,555,0.105,,
USDA tone (terminal),up,Celery,New York,1,29,0.552,0.231,2.39
USDA tone (terminal),down,Celery,New York,1,25,0.84,0.251,3.35
terminal momentum,up,Celery,New York,1,75,0.493,0.228,2.16
terminal momentum,down,Celery,New York,1,65,0.477,0.252,1.89
shipping point lead,up,Cucumbers,Chicago,2,120,0.475,0.329,1.45
shipping point lead,down,Cucumbers,Chicago,2,123,0.585,0.329,1.78
"shipping point lead, terminal not yet moved",up,Cucumbers,Chicago,2,71,0.493,0.329,1.5
"shipping point lead, terminal not yet moved",down,Cucumbers,Chicago,2,60,0.533,0.329,1.62
corr sp->terminal lag 0w,,Cucumbers,Chicago,0,559,0.293,,
corr sp->terminal lag 1w,,Cucumbers,Chicago,1,558,0.439,,
corr sp->terminal lag 2w,,Cucumbers,Chicago,2,557,0.096,,
corr sp->terminal lag 3w,,Cucumbers,Chicago,3,556,-0.04,,
USDA tone (terminal),up,Cucumbers,Chicago,1,20,0.4,0.247,1.62
USDA tone (terminal),down,Cucumbers,Chicago,1,25,0.32,0.231,1.39
terminal momentum,up,Cucumbers,Chicago,1,65,0.415,0.249,1.67
terminal momentum,down,Cucumbers,Chicago,1,60,0.3,0.229,1.31
shipping point lead,up,Cucumbers,Los Angeles,2,120,0.4,0.298,1.34
shipping point lead,down,Cucumbers,Los Angeles,2,123,0.415,0.268,1.55
"shipping point lead, terminal not yet moved",up,Cucumbers,Los Angeles,2,60,0.4,0.298,1.34
"shipping point lead, terminal not yet moved",down,Cucumbers,Los Angeles,2,70,0.414,0.268,1.55
corr sp->terminal lag 0w,,Cucumbers,Los Angeles,0,559,0.445,,
corr sp->terminal lag 1w,,Cucumbers,Los Angeles,1,558,0.329,,
corr sp->terminal lag 2w,,Cucumbers,Los Angeles,2,557,0.062,,
corr sp->terminal lag 3w,,Cucumbers,Los Angeles,3,556,-0.084,,
USDA tone (terminal),up,Cucumbers,Los Angeles,1,18,0.389,0.188,2.07
USDA tone (terminal),down,Cucumbers,Los Angeles,1,17,0.529,0.186,2.84
terminal momentum,up,Cucumbers,Los Angeles,1,58,0.207,0.188,1.1
terminal momentum,down,Cucumbers,Los Angeles,1,43,0.372,0.186,2.0
shipping point lead,up,Cucumbers,New York,2,120,0.442,0.311,1.42
shipping point lead,down,Cucumbers,New York,2,123,0.528,0.384,1.38
"shipping point lead, terminal not yet moved",up,Cucumbers,New York,2,70,0.471,0.311,1.52
"shipping point lead, terminal not yet moved",down,Cucumbers,New York,2,47,0.468,0.384,1.22
corr sp->terminal lag 0w,,Cucumbers,New York,0,559,0.315,,
corr sp->terminal lag 1w,,Cucumbers,New York,1,558,0.296,,
corr sp->terminal lag 2w,,Cucumbers,New York,2,557,0.013,,
corr sp->terminal lag 3w,,Cucumbers,New York,3,556,-0.129,,
USDA tone (terminal),up,Cucumbers,New York,1,23,0.391,0.252,1.55
USDA tone (terminal),down,Cucumbers,New York,1,28,0.679,0.306,2.22
terminal momentum,up,Cucumbers,New York,1,86,0.349,0.251,1.39
terminal momentum,down,Cucumbers,New York,1,72,0.333,0.305,1.09
shipping point lead,up,Grapes,Chicago,2,3,0.333,0.117,2.84
shipping point lead,down,Grapes,Chicago,2,38,0.658,0.232,2.84
"shipping point lead, terminal not yet moved",up,Grapes,Chicago,2,3,0.333,0.117,2.84
"shipping point lead, terminal not yet moved",down,Grapes,Chicago,2,21,0.667,0.232,2.87
corr sp->terminal lag 0w,,Grapes,Chicago,0,334,0.148,,
corr sp->terminal lag 1w,,Grapes,Chicago,1,333,0.326,,
corr sp->terminal lag 2w,,Grapes,Chicago,2,332,0.089,,
corr sp->terminal lag 3w,,Grapes,Chicago,3,331,0.277,,
USDA tone (terminal),up,Grapes,Chicago,1,2,0.5,0.073,6.85
USDA tone (terminal),down,Grapes,Chicago,1,3,0.333,0.131,2.54
terminal momentum,up,Grapes,Chicago,1,19,0.053,0.081,0.65
terminal momentum,down,Grapes,Chicago,1,32,0.281,0.143,1.96
shipping point lead,up,Grapes,Los Angeles,2,3,0.333,0.079,4.22
shipping point lead,down,Grapes,Los Angeles,2,38,0.763,0.21,3.64
"shipping point lead, terminal not yet moved",up,Grapes,Los Angeles,2,3,0.333,0.079,4.21
"shipping point lead, terminal not yet moved",down,Grapes,Los Angeles,2,12,0.5,0.21,2.38
corr sp->terminal lag 0w,,Grapes,Los Angeles,0,332,0.434,,
corr sp->terminal lag 1w,,Grapes,Los Angeles,1,331,0.43,,
corr sp->terminal lag 2w,,Grapes,Los Angeles,2,330,0.441,,
corr sp->terminal lag 3w,,Grapes,Los Angeles,3,329,0.277,,
USDA tone (terminal),up,Grapes,Los Angeles,1,8,0.125,0.051,2.45
USDA tone (terminal),down,Grapes,Los Angeles,1,36,0.444,0.157,2.83
terminal momentum,up,Grapes,Los Angeles,1,8,0.125,0.051,2.46
terminal momentum,down,Grapes,Los Angeles,1,33,0.333,0.159,2.09
shipping point lead,up,Grapes,New York,2,3,0.0,0.127,0.0
shipping point lead,down,Grapes,New York,2,38,0.684,0.241,2.84
"shipping point lead, terminal not yet moved",up,Grapes,New York,2,3,0.0,0.127,0.0
"shipping point lead, terminal not yet moved",down,Grapes,New York,2,14,0.429,0.236,1.81
corr sp->terminal lag 0w,,Grapes,New York,0,332,0.477,,
corr sp->terminal lag 1w,,Grapes,New York,1,333,0.441,,
corr sp->terminal lag 2w,,Grapes,New York,2,332,0.426,,
corr sp->terminal lag 3w,,Grapes,New York,3,330,0.327,,
USDA tone (terminal),down,Grapes,New York,1,6,0.5,0.167,3.0
terminal momentum,up,Grapes,New York,1,21,0.143,0.088,1.62
terminal momentum,down,Grapes,New York,1,37,0.541,0.188,2.88
shipping point lead,up,Lemons,Chicago,2,5,0.8,0.192,4.17
shipping point lead,down,Lemons,Chicago,2,7,0.429,0.215,1.99
"shipping point lead, terminal not yet moved",up,Lemons,Chicago,2,2,1.0,0.192,5.22
"shipping point lead, terminal not yet moved",down,Lemons,Chicago,2,3,0.333,0.215,1.55
corr sp->terminal lag 0w,,Lemons,Chicago,0,555,0.235,,
corr sp->terminal lag 1w,,Lemons,Chicago,1,554,0.272,,
corr sp->terminal lag 2w,,Lemons,Chicago,2,553,0.207,,
corr sp->terminal lag 3w,,Lemons,Chicago,3,552,0.216,,
USDA tone (terminal),up,Lemons,Chicago,1,3,0.0,0.104,0.0
USDA tone (terminal),down,Lemons,Chicago,1,11,0.091,0.1,0.91
terminal momentum,up,Lemons,Chicago,1,24,0.25,0.106,2.36
terminal momentum,down,Lemons,Chicago,1,16,0.0,0.1,0.0
shipping point lead,up,Lemons,Los Angeles,2,5,0.6,0.177,3.38
shipping point lead,down,Lemons,Los Angeles,2,7,0.714,0.181,3.95
"shipping point lead, terminal not yet moved",down,Lemons,Los Angeles,2,3,0.333,0.18,1.85
corr sp->terminal lag 0w,,Lemons,Los Angeles,0,551,0.403,,
corr sp->terminal lag 1w,,Lemons,Los Angeles,1,550,0.35,,
corr sp->terminal lag 2w,,Lemons,Los Angeles,2,549,0.278,,
corr sp->terminal lag 3w,,Lemons,Los Angeles,3,548,0.211,,
USDA tone (terminal),up,Lemons,Los Angeles,1,17,0.059,0.085,0.69
USDA tone (terminal),down,Lemons,Los Angeles,1,20,0.15,0.104,1.45
terminal momentum,up,Lemons,Los Angeles,1,16,0.188,0.087,2.16
terminal momentum,down,Lemons,Los Angeles,1,12,0.417,0.101,4.11
shipping point lead,up,Lemons,New York,2,5,0.4,0.179,2.23
shipping point lead,down,Lemons,New York,2,7,0.286,0.212,1.35
"shipping point lead, terminal not yet moved",up,Lemons,New York,2,3,0.0,0.179,0.0
"shipping point lead, terminal not yet moved",down,Lemons,New York,2,5,0.2,0.212,0.95
corr sp->terminal lag 0w,,Lemons,New York,0,555,0.24,,
corr sp->terminal lag 1w,,Lemons,New York,1,554,0.213,,
corr sp->terminal lag 2w,,Lemons,New York,2,553,0.202,,
corr sp->terminal lag 3w,,Lemons,New York,3,552,0.166,,
USDA tone (terminal),up,Lemons,New York,1,5,0.4,0.114,3.52
USDA tone (terminal),down,Lemons,New York,1,6,0.167,0.136,1.23
terminal momentum,up,Lemons,New York,1,24,0.208,0.113,1.85
terminal momentum,down,Lemons,New York,1,18,0.056,0.14,0.4
shipping point lead,up,"Lettuce, Iceberg",Chicago,2,137,0.657,0.382,1.72
shipping point lead,down,"Lettuce, Iceberg",Chicago,2,139,0.705,0.404,1.75
"shipping point lead, terminal not yet moved",up,"Lettuce, Iceberg",Chicago,2,43,0.791,0.382,2.07
"shipping point lead, terminal not yet moved",down,"Lettuce, Iceberg",Chicago,2,37,0.784,0.404,1.94
corr sp->terminal lag 0w,,"Lettuce, Iceberg",Chicago,0,559,0.607,,
corr sp->terminal lag 1w,,"Lettuce, Iceberg",Chicago,1,558,0.668,,
corr sp->terminal lag 2w,,"Lettuce, Iceberg",Chicago,2,557,0.065,,
corr sp->terminal lag 3w,,"Lettuce, Iceberg",Chicago,3,556,-0.18,,
USDA tone (terminal),up,"Lettuce, Iceberg",Chicago,1,26,0.654,0.339,1.93
USDA tone (terminal),down,"Lettuce, Iceberg",Chicago,1,52,0.635,0.339,1.87
terminal momentum,up,"Lettuce, Iceberg",Chicago,1,124,0.444,0.339,1.31
terminal momentum,down,"Lettuce, Iceberg",Chicago,1,108,0.5,0.341,1.47
shipping point lead,up,"Lettuce, Iceberg",Los Angeles,2,137,0.46,0.355,1.29
shipping point lead,down,"Lettuce, Iceberg",Los Angeles,2,139,0.561,0.397,1.41
"shipping point lead, terminal not yet moved",up,"Lettuce, Iceberg",Los Angeles,2,20,0.7,0.355,1.97
"shipping point lead, terminal not yet moved",down,"Lettuce, Iceberg",Los Angeles,2,18,0.556,0.397,1.4
corr sp->terminal lag 0w,,"Lettuce, Iceberg",Los Angeles,0,559,0.825,,
corr sp->terminal lag 1w,,"Lettuce, Iceberg",Los Angeles,1,558,0.426,,
corr sp->terminal lag 2w,,"Lettuce, Iceberg",Los Angeles,2,557,-0.097,,
corr sp->terminal lag 3w,,"Lettuce, Iceberg",Los Angeles,3,556,-0.177,,
USDA tone (terminal),up,"Lettuce, Iceberg",Los Angeles,1,47,0.723,0.283,2.55
USDA tone (terminal),down,"Lettuce, Iceberg",Los Angeles,1,61,0.754,0.324,2.32
terminal momentum,up,"Lettuce, Iceberg",Los Angeles,1,118,0.424,0.283,1.5
terminal momentum,down,"Lettuce, Iceberg",Los Angeles,1,120,0.558,0.324,1.72
shipping point lead,up,"Lettuce, Iceberg",New York,2,137,0.555,0.407,1.36
shipping point lead,down,"Lettuce, Iceberg",New York,2,138,0.638,0.418,1.53
"shipping point lead, terminal not yet moved",up,"Lettuce, Iceberg",New York,2,34,0.706,0.406,1.74
"shipping point lead, terminal not yet moved",down,"Lettuce, Iceberg",New York,2,27,0.704,0.418,1.68
corr sp->terminal lag 0w,,"Lettuce, Iceberg",New York,0,556,0.751,,
corr sp->terminal lag 1w,,"Lettuce, Iceberg",New York,1,555,0.514,,
corr sp->terminal lag 2w,,"Lettuce, Iceberg",New York,2,554,-0.075,,
corr sp->terminal lag 3w,,"Lettuce, Iceberg",New York,3,553,-0.204,,
USDA tone (terminal),up,"Lettuce, Iceberg",New York,1,34,0.559,0.346,1.62
USDA tone (terminal),down,"Lettuce, Iceberg",New York,1,57,0.667,0.371,1.8
terminal momentum,up,"Lettuce, Iceberg",New York,1,146,0.411,0.347,1.19
terminal momentum,down,"Lettuce, Iceberg",New York,1,140,0.536,0.372,1.44
shipping point lead,up,"Lettuce, Romaine",Chicago,2,92,0.772,0.329,2.35
shipping point lead,down,"Lettuce, Romaine",Chicago,2,83,0.819,0.346,2.36
"shipping point lead, terminal not yet moved",up,"Lettuce, Romaine",Chicago,2,28,0.786,0.329,2.39
"shipping point lead, terminal not yet moved",down,"Lettuce, Romaine",Chicago,2,25,0.92,0.346,2.66
corr sp->terminal lag 0w,,"Lettuce, Romaine",Chicago,0,559,0.568,,
corr sp->terminal lag 1w,,"Lettuce, Romaine",Chicago,1,558,0.631,,
corr sp->terminal lag 2w,,"Lettuce, Romaine",Chicago,2,557,0.365,,
corr sp->terminal lag 3w,,"Lettuce, Romaine",Chicago,3,556,0.135,,
USDA tone (terminal),up,"Lettuce, Romaine",Chicago,1,17,0.647,0.286,2.26
USDA tone (terminal),down,"Lettuce, Romaine",Chicago,1,20,0.6,0.272,2.21
terminal momentum,up,"Lettuce, Romaine",Chicago,1,85,0.388,0.285,1.36
terminal momentum,down,"Lettuce, Romaine",Chicago,1,80,0.525,0.278,1.89
shipping point lead,up,"Lettuce, Romaine",Los Angeles,2,92,0.587,0.284,2.07
shipping point lead,down,"Lettuce, Romaine",Los Angeles,2,83,0.759,0.293,2.59
"shipping point lead, terminal not yet moved",up,"Lettuce, Romaine",Los Angeles,2,15,0.667,0.284,2.35
"shipping point lead, terminal not yet moved",down,"Lettuce, Romaine",Los Angeles,2,24,0.792,0.293,2.71
corr sp->terminal lag 0w,,"Lettuce, Romaine",Los Angeles,0,559,0.737,,
corr sp->terminal lag 1w,,"Lettuce, Romaine",Los Angeles,1,558,0.603,,
corr sp->terminal lag 2w,,"Lettuce, Romaine",Los Angeles,2,557,0.267,,
corr sp->terminal lag 3w,,"Lettuce, Romaine",Los Angeles,3,556,0.064,,
USDA tone (terminal),up,"Lettuce, Romaine",Los Angeles,1,30,0.833,0.207,4.03
USDA tone (terminal),down,"Lettuce, Romaine",Los Angeles,1,41,0.707,0.205,3.45
terminal momentum,up,"Lettuce, Romaine",Los Angeles,1,61,0.59,0.206,2.86
terminal momentum,down,"Lettuce, Romaine",Los Angeles,1,50,0.58,0.204,2.84
shipping point lead,up,"Lettuce, Romaine",New York,2,92,0.685,0.343,2.0
shipping point lead,down,"Lettuce, Romaine",New York,2,83,0.783,0.357,2.19
"shipping point lead, terminal not yet moved",up,"Lettuce, Romaine",New York,2,19,0.789,0.343,2.3
"shipping point lead, terminal not yet moved",down,"Lettuce, Romaine",New York,2,14,0.786,0.357,2.2
corr sp->terminal lag 0w,,"Lettuce, Romaine",New York,0,559,0.654,,
corr sp->terminal lag 1w,,"Lettuce, Romaine",New York,1,558,0.499,,
corr sp->terminal lag 2w,,"Lettuce, Romaine",New York,2,557,0.196,,
corr sp->terminal lag 3w,,"Lettuce, Romaine",New York,3,556,0.085,,
USDA tone (terminal),up,"Lettuce, Romaine",New York,1,31,0.774,0.278,2.78
USDA tone (terminal),down,"Lettuce, Romaine",New York,1,40,0.625,0.275,2.28
terminal momentum,up,"Lettuce, Romaine",New York,1,95,0.516,0.28,1.84
terminal momentum,down,"Lettuce, Romaine",New York,1,95,0.516,0.274,1.88
shipping point lead,up,Limes,Chicago,2,123,0.707,0.343,2.06
shipping point lead,down,Limes,Chicago,2,122,0.689,0.361,1.91
"shipping point lead, terminal not yet moved",up,Limes,Chicago,2,36,0.806,0.343,2.35
"shipping point lead, terminal not yet moved",down,Limes,Chicago,2,36,0.667,0.361,1.85
corr sp->terminal lag 0w,,Limes,Chicago,0,559,0.626,,
corr sp->terminal lag 1w,,Limes,Chicago,1,558,0.627,,
corr sp->terminal lag 2w,,Limes,Chicago,2,557,0.269,,
corr sp->terminal lag 3w,,Limes,Chicago,3,556,0.085,,
USDA tone (terminal),up,Limes,Chicago,1,20,0.55,0.254,2.16
USDA tone (terminal),down,Limes,Chicago,1,13,0.692,0.275,2.52
terminal momentum,up,Limes,Chicago,1,79,0.481,0.254,1.89
terminal momentum,down,Limes,Chicago,1,68,0.588,0.274,2.15
shipping point lead,up,Limes,Los Angeles,2,120,0.625,0.359,1.74
shipping point lead,down,Limes,Los Angeles,2,121,0.719,0.396,1.82
"shipping point lead, terminal not yet moved",up,Limes,Los Angeles,2,27,0.889,0.361,2.46
"shipping point lead, terminal not yet moved",down,Limes,Los Angeles,2,25,0.6,0.393,1.52
corr sp->terminal lag 0w,,Limes,Los Angeles,0,555,0.712,,
corr sp->terminal lag 1w,,Limes,Los Angeles,1,554,0.592,,
corr sp->terminal lag 2w,,Limes,Los Angeles,2,553,0.16,,
corr sp->terminal lag 3w,,Limes,Los Angeles,3,552,-0.015,,
USDA tone (terminal),up,Limes,Los Angeles,1,45,0.778,0.264,2.95
USDA tone (terminal),down,Limes,Los Angeles,1,52,0.769,0.313,2.46
terminal momentum,up,Limes,Los Angeles,1,97,0.485,0.266,1.82
terminal momentum,down,Limes,Los Angeles,1,93,0.559,0.312,1.79
shipping point lead,up,Limes,New York,2,123,0.642,0.359,1.79
shipping point lead,down,Limes,New York,2,122,0.746,0.413,1.81
"shipping point lead, terminal not yet moved",up,Limes,New York,2,28,0.679,0.359,1.89
"shipping point lead, terminal not yet moved",down,Limes,New York,2,24,0.708,0.413,1.72
corr sp->terminal lag 0w,,Limes,New York,0,559,0.693,,
corr sp->terminal lag 1w,,Limes,New York,1,558,0.641,,
corr sp->terminal lag 2w,,Limes,New York,2,557,0.181,,
corr sp->terminal lag 3w,,Limes,New York,3,556,-0.018,,
USDA tone (terminal),up,Limes,New York,1,56,0.714,0.278,2.56
USDA tone (terminal),down,Limes,New York,1,71,0.606,0.322,1.88
terminal momentum,up,Limes,New York,1,101,0.505,0.276,1.83
terminal momentum,down,Limes,New York,1,96,0.583,0.324,1.8
shipping point lead,up,"Onions, Dry",Chicago,2,16,0.25,0.063,3.98
shipping point lead,down,"Onions, Dry",Chicago,2,8,0.0,0.054,0.0
"shipping point lead, terminal not yet moved",up,"Onions, Dry",Chicago,2,12,0.167,0.063,2.65
"shipping point lead, terminal not yet moved",down,"Onions, Dry",Chicago,2,5,0.0,0.054,0.0
corr sp->terminal lag 0w,,"Onions, Dry",Chicago,0,559,0.183,,
corr sp->terminal lag 1w,,"Onions, Dry",Chicago,1,558,0.241,,
corr sp->terminal lag 2w,,"Onions, Dry",Chicago,2,557,0.226,,
corr sp->terminal lag 3w,,"Onions, Dry",Chicago,3,556,0.184,,
USDA tone (terminal),up,"Onions, Dry",Chicago,1,13,0.077,0.032,2.38
USDA tone (terminal),down,"Onions, Dry",Chicago,1,10,0.1,0.025,3.99
terminal momentum,up,"Onions, Dry",Chicago,1,2,0.0,0.032,0.0
terminal momentum,down,"Onions, Dry",Chicago,1,2,0.0,0.025,0.0
shipping point lead,up,"Onions, Dry",Los Angeles,2,16,0.5,0.105,4.78
shipping point lead,down,"Onions, Dry",Los Angeles,2,8,0.375,0.099,3.78
"shipping point lead, terminal not yet moved",up,"Onions, Dry",Los Angeles,2,7,0.429,0.105,4.09
"shipping point lead, terminal not yet moved",down,"Onions, Dry",Los Angeles,2,6,0.167,0.099,1.68
corr sp->terminal lag 0w,,"Onions, Dry",Los Angeles,0,557,0.409,,
corr sp->terminal lag 1w,,"Onions, Dry",Los Angeles,1,556,0.448,,
corr sp->terminal lag 2w,,"Onions, Dry",Los Angeles,2,555,0.225,,
corr sp->terminal lag 3w,,"Onions, Dry",Los Angeles,3,554,0.122,,
USDA tone (terminal),up,"Onions, Dry",Los Angeles,1,11,0.273,0.05,5.42
USDA tone (terminal),down,"Onions, Dry",Los Angeles,1,9,0.111,0.036,3.09
terminal momentum,up,"Onions, Dry",Los Angeles,1,10,0.4,0.05,7.93
terminal momentum,down,"Onions, Dry",Los Angeles,1,1,0.0,0.036,0.0
shipping point lead,up,"Onions, Dry",New York,2,16,0.5,0.088,5.68
shipping point lead,down,"Onions, Dry",New York,2,8,0.375,0.068,5.5
"shipping point lead, terminal not yet moved",up,"Onions, Dry",New York,2,5,0.8,0.088,9.09
"shipping point lead, terminal not yet moved",down,"Onions, Dry",New York,2,4,0.25,0.068,3.66
corr sp->terminal lag 0w,,"Onions, Dry",New York,0,559,0.523,,
corr sp->terminal lag 1w,,"Onions, Dry",New York,1,558,0.442,,
corr sp->terminal lag 2w,,"Onions, Dry",New York,2,557,0.245,,
corr sp->terminal lag 3w,,"Onions, Dry",New York,3,556,0.148,,
USDA tone (terminal),up,"Onions, Dry",New York,1,10,0.4,0.03,13.13
USDA tone (terminal),down,"Onions, Dry",New York,1,5,0.4,0.03,13.13
terminal momentum,up,"Onions, Dry",New York,1,4,0.25,0.03,8.21
terminal momentum,down,"Onions, Dry",New York,1,3,0.333,0.03,10.94
shipping point lead,up,"Peppers, Bell Type",Chicago,2,98,0.704,0.315,2.23
shipping point lead,down,"Peppers, Bell Type",Chicago,2,121,0.669,0.35,1.91
"shipping point lead, terminal not yet moved",up,"Peppers, Bell Type",Chicago,2,43,0.744,0.316,2.36
"shipping point lead, terminal not yet moved",down,"Peppers, Bell Type",Chicago,2,56,0.661,0.35,1.89
corr sp->terminal lag 0w,,"Peppers, Bell Type",Chicago,0,557,0.336,,
corr sp->terminal lag 1w,,"Peppers, Bell Type",Chicago,1,555,0.521,,
corr sp->terminal lag 2w,,"Peppers, Bell Type",Chicago,2,554,0.293,,
corr sp->terminal lag 3w,,"Peppers, Bell Type",Chicago,3,553,-0.019,,
USDA tone (terminal),up,"Peppers, Bell Type",Chicago,1,16,0.688,0.217,3.17
USDA tone (terminal),down,"Peppers, Bell Type",Chicago,1,19,0.526,0.255,2.06
terminal momentum,up,"Peppers, Bell Type",Chicago,1,66,0.379,0.218,1.73
terminal momentum,down,"Peppers, Bell Type",Chicago,1,57,0.439,0.255,1.72
shipping point lead,up,"Peppers, Bell Type",Los Angeles,2,98,0.571,0.264,2.16
shipping point lead,down,"Peppers, Bell Type",Los Angeles,2,121,0.521,0.308,1.69
"shipping point lead, terminal not yet moved",up,"Peppers, Bell Type",Los Angeles,2,50,0.56,0.265,2.11
"shipping point lead, terminal not yet moved",down,"Peppers, Bell Type",Los Angeles,2,68,0.529,0.307,1.73
corr sp->terminal lag 0w,,"Peppers, Bell Type",Los Angeles,0,557,0.45,,
corr sp->terminal lag 1w,,"Peppers, Bell Type",Los Angeles,1,555,0.437,,
corr sp->terminal lag 2w,,"Peppers, Bell Type",Los Angeles,2,554,0.176,,
corr sp->terminal lag 3w,,"Peppers, Bell Type",Los Angeles,3,553,-0.039,,
USDA tone (terminal),up,"Peppers, Bell Type",Los Angeles,1,11,0.545,0.175,3.11
USDA tone (terminal),down,"Peppers, Bell Type",Los Angeles,1,14,0.5,0.188,2.66
terminal momentum,up,"Peppers, Bell Type",Los Angeles,1,52,0.365,0.175,2.09
terminal momentum,down,"Peppers, Bell Type",Los Angeles,1,42,0.238,0.19,1.26
shipping point lead,up,"Peppers, Bell Type",New York,2,98,0.5,0.359,1.39
shipping point lead,down,"Peppers, Bell Type",New York,2,121,0.579,0.417,1.39
"shipping point lead, terminal not yet moved",up,"Peppers, Bell Type",New York,2,32,0.531,0.359,1.48
"shipping point lead, terminal not yet moved",down,"Peppers, Bell Type",New York,2,30,0.433,0.416,1.04
corr sp->terminal lag 0w,,"Peppers, Bell Type",New York,0,557,0.575,,
corr sp->terminal lag 1w,,"Peppers, Bell Type",New York,1,555,0.413,,
corr sp->terminal lag 2w,,"Peppers, Bell Type",New York,2,554,-0.023,,
corr sp->terminal lag 3w,,"Peppers, Bell Type",New York,3,553,-0.162,,
USDA tone (terminal),up,"Peppers, Bell Type",New York,1,39,0.513,0.285,1.8
USDA tone (terminal),down,"Peppers, Bell Type",New York,1,60,0.633,0.35,1.81
terminal momentum,up,"Peppers, Bell Type",New York,1,90,0.4,0.287,1.39
terminal momentum,down,"Peppers, Bell Type",New York,1,97,0.474,0.347,1.37
shipping point lead,down,Potatoes,Chicago,2,1,1.0,0.074,13.59
"shipping point lead, terminal not yet moved",down,Potatoes,Chicago,2,1,1.0,0.074,13.59
corr sp->terminal lag 0w,,Potatoes,Chicago,0,559,0.241,,
corr sp->terminal lag 1w,,Potatoes,Chicago,1,558,0.307,,
corr sp->terminal lag 2w,,Potatoes,Chicago,2,557,0.313,,
corr sp->terminal lag 3w,,Potatoes,Chicago,3,556,0.233,,
USDA tone (terminal),up,Potatoes,Chicago,1,5,0.2,0.023,8.58
USDA tone (terminal),down,Potatoes,Chicago,1,6,0.0,0.02,0.0
terminal momentum,down,Potatoes,Chicago,1,3,0.0,0.02,0.0
shipping point lead,down,Potatoes,Los Angeles,2,1,1.0,0.043,23.08
"shipping point lead, terminal not yet moved",down,Potatoes,Los Angeles,2,1,1.0,0.043,23.04
corr sp->terminal lag 0w,,Potatoes,Los Angeles,0,557,0.372,,
corr sp->terminal lag 1w,,Potatoes,Los Angeles,1,556,0.436,,
corr sp->terminal lag 2w,,Potatoes,Los Angeles,2,555,0.514,,
corr sp->terminal lag 3w,,Potatoes,Los Angeles,3,554,0.408,,
USDA tone (terminal),up,Potatoes,Los Angeles,1,8,0.0,0.023,0.0
USDA tone (terminal),down,Potatoes,Los Angeles,1,10,0.0,0.016,0.0
terminal momentum,up,Potatoes,Los Angeles,1,3,0.0,0.023,0.0
shipping point lead,down,Potatoes,New York,2,1,0.0,0.097,0.0
"shipping point lead, terminal not yet moved",down,Potatoes,New York,2,1,0.0,0.097,0.0
corr sp->terminal lag 0w,,Potatoes,New York,0,559,0.311,,
corr sp->terminal lag 1w,,Potatoes,New York,1,558,0.341,,
corr sp->terminal lag 2w,,Potatoes,New York,2,557,0.353,,
corr sp->terminal lag 3w,,Potatoes,New York,3,556,0.345,,
USDA tone (terminal),up,Potatoes,New York,1,9,0.333,0.036,9.28
USDA tone (terminal),down,Potatoes,New York,1,6,0.167,0.034,4.89
terminal momentum,up,Potatoes,New York,1,6,0.167,0.036,4.65
shipping point lead,up,Strawberries,Chicago,2,109,0.688,0.431,1.6
shipping point lead,down,Strawberries,Chicago,2,99,0.697,0.397,1.75
"shipping point lead, terminal not yet moved",up,Strawberries,Chicago,2,37,0.784,0.427,1.83
"shipping point lead, terminal not yet moved",down,Strawberries,Chicago,2,35,0.743,0.398,1.86
corr sp->terminal lag 0w,,Strawberries,Chicago,0,541,0.303,,
corr sp->terminal lag 1w,,Strawberries,Chicago,1,540,0.442,,
corr sp->terminal lag 2w,,Strawberries,Chicago,2,540,0.247,,
corr sp->terminal lag 3w,,Strawberries,Chicago,3,538,-0.009,,
USDA tone (terminal),up,Strawberries,Chicago,1,17,0.529,0.373,1.42
USDA tone (terminal),down,Strawberries,Chicago,1,25,0.48,0.333,1.44
terminal momentum,up,Strawberries,Chicago,1,143,0.392,0.362,1.08
terminal momentum,down,Strawberries,Chicago,1,133,0.429,0.349,1.23
shipping point lead,up,Strawberries,Los Angeles,2,112,0.625,0.364,1.72
shipping point lead,down,Strawberries,Los Angeles,2,102,0.569,0.325,1.75
"shipping point lead, terminal not yet moved",up,Strawberries,Los Angeles,2,45,0.578,0.36,1.6
"shipping point lead, terminal not yet moved",down,Strawberries,Los Angeles,2,33,0.576,0.325,1.77
corr sp->terminal lag 0w,,Strawberries,Los Angeles,0,546,0.562,,
corr sp->terminal lag 1w,,Strawberries,Los Angeles,1,546,0.507,,
corr sp->terminal lag 2w,,Strawberries,Los Angeles,2,544,0.146,,
corr sp->terminal lag 3w,,Strawberries,Los Angeles,3,543,-0.004,,
USDA tone (terminal),up,Strawberries,Los Angeles,1,36,0.556,0.267,2.08
USDA tone (terminal),down,Strawberries,Los Angeles,1,35,0.429,0.223,1.92
terminal momentum,up,Strawberries,Los Angeles,1,83,0.398,0.265,1.5
terminal momentum,down,Strawberries,Los Angeles,1,63,0.333,0.222,1.5
shipping point lead,up,Strawberries,New York,2,108,0.62,0.441,1.41
shipping point lead,down,Strawberries,New York,2,95,0.642,0.476,1.35
"shipping point lead, terminal not yet moved",up,Strawberries,New York,2,27,0.815,0.441,1.85
"shipping point lead, terminal not yet moved",down,Strawberries,New York,2,18,0.722,0.475,1.52
corr sp->terminal lag 0w,,Strawberries,New York,0,534,0.59,,
corr sp->terminal lag 1w,,Strawberries,New York,1,533,0.415,,
corr sp->terminal lag 2w,,Strawberries,New York,2,532,-0.08,,
corr sp->terminal lag 3w,,Strawberries,New York,3,532,-0.196,,
USDA tone (terminal),up,Strawberries,New York,1,44,0.614,0.396,1.55
USDA tone (terminal),down,Strawberries,New York,1,87,0.621,0.43,1.44
terminal momentum,up,Strawberries,New York,1,170,0.471,0.391,1.2
terminal momentum,down,Strawberries,New York,1,173,0.48,0.436,1.1
shipping point lead,up,Tomatoes,Chicago,2,123,0.626,0.314,1.99
shipping point lead,down,Tomatoes,Chicago,2,129,0.628,0.363,1.73
"shipping point lead, terminal not yet moved",up,Tomatoes,Chicago,2,58,0.586,0.314,1.87
"shipping point lead, terminal not yet moved",down,Tomatoes,Chicago,2,61,0.607,0.363,1.67
corr sp->terminal lag 0w,,Tomatoes,Chicago,0,559,0.41,,
corr sp->terminal lag 1w,,Tomatoes,Chicago,1,558,0.541,,
corr sp->terminal lag 2w,,Tomatoes,Chicago,2,557,0.223,,
corr sp->terminal lag 3w,,Tomatoes,Chicago,3,556,-0.001,,
USDA tone (terminal),up,Tomatoes,Chicago,1,29,0.414,0.216,1.91
USDA tone (terminal),down,Tomatoes,Chicago,1,27,0.593,0.247,2.4
terminal momentum,up,Tomatoes,Chicago,1,63,0.27,0.215,1.25
terminal momentum,down,Tomatoes,Chicago,1,69,0.391,0.246,1.59
shipping point lead,up,Tomatoes,Los Angeles,2,123,0.545,0.309,1.76
shipping point lead,down,Tomatoes,Los Angeles,2,129,0.581,0.321,1.81
"shipping point lead, terminal not yet moved",up,Tomatoes,Los Angeles,2,48,0.625,0.309,2.02
"shipping point lead, terminal not yet moved",down,Tomatoes,Los Angeles,2,57,0.579,0.321,1.8
corr sp->terminal lag 0w,,Tomatoes,Los Angeles,0,559,0.684,,
corr sp->terminal lag 1w,,Tomatoes,Los Angeles,1,558,0.534,,
corr sp->terminal lag 2w,,Tomatoes,Los Angeles,2,557,0.01,,
corr sp->terminal lag 3w,,Tomatoes,Los Angeles,3,556,-0.145,,
USDA tone (terminal),up,Tomatoes,Los Angeles,1,25,0.76,0.204,3.73
USDA tone (terminal),down,Tomatoes,Los Angeles,1,21,0.762,0.202,3.77
terminal momentum,up,Tomatoes,Los Angeles,1,68,0.485,0.204,2.38
terminal momentum,down,Tomatoes,Los Angeles,1,58,0.448,0.203,2.21
shipping point lead,up,Tomatoes,New York,2,123,0.561,0.388,1.45
shipping point lead,down,Tomatoes,New York,2,129,0.589,0.422,1.4
"shipping point lead, terminal not yet moved",up,Tomatoes,New York,2,45,0.511,0.388,1.32
"shipping point lead, terminal not yet moved",down,Tomatoes,New York,2,46,0.522,0.422,1.24
corr sp->terminal lag 0w,,Tomatoes,New York,0,559,0.423,,
corr sp->terminal lag 1w,,Tomatoes,New York,1,558,0.331,,
corr sp->terminal lag 2w,,Tomatoes,New York,2,557,0.076,,
corr sp->terminal lag 3w,,Tomatoes,New York,3,556,0.039,,
USDA tone (terminal),up,Tomatoes,New York,1,56,0.661,0.298,2.22
USDA tone (terminal),down,Tomatoes,New York,1,69,0.71,0.372,1.91
terminal momentum,up,Tomatoes,New York,1,111,0.468,0.297,1.57
terminal momentum,down,Tomatoes,New York,1,102,0.549,0.373,1.47
shipping point lead,up,"Tomatoes, Plum Type",Chicago,2,121,0.521,0.359,1.45
shipping point lead,down,"Tomatoes, Plum Type",Chicago,2,117,0.65,0.353,1.84
"shipping point lead, terminal not yet moved",up,"Tomatoes, Plum Type",Chicago,2,43,0.674,0.357,1.89
"shipping point lead, terminal not yet moved",down,"Tomatoes, Plum Type",Chicago,2,29,0.793,0.354,2.24
corr sp->terminal lag 0w,,"Tomatoes, Plum Type",Chicago,0,558,0.611,,
corr sp->terminal lag 1w,,"Tomatoes, Plum Type",Chicago,1,557,0.592,,
corr sp->terminal lag 2w,,"Tomatoes, Plum Type",Chicago,2,556,-0.12,,
corr sp->terminal lag 3w,,"Tomatoes, Plum Type",Chicago,3,555,-0.247,,
USDA tone (terminal),up,"Tomatoes, Plum Type",Chicago,1,23,0.478,0.275,1.74
USDA tone (terminal),down,"Tomatoes, Plum Type",Chicago,1,26,0.808,0.295,2.73
terminal momentum,up,"Tomatoes, Plum Type",Chicago,1,99,0.333,0.279,1.2
terminal momentum,down,"Tomatoes, Plum Type",Chicago,1,92,0.467,0.293,1.59
shipping point lead,up,"Tomatoes, Plum Type",Los Angeles,2,121,0.496,0.343,1.45
shipping point lead,down,"Tomatoes, Plum Type",Los Angeles,2,117,0.581,0.339,1.71
"shipping point lead, terminal not yet moved",up,"Tomatoes, Plum Type",Los Angeles,2,52,0.615,0.343,1.79
"shipping point lead, terminal not yet moved",down,"Tomatoes, Plum Type",Los Angeles,2,40,0.625,0.339,1.84
corr sp->terminal lag 0w,,"Tomatoes, Plum Type",Los Angeles,0,559,0.622,,
corr sp->terminal lag 1w,,"Tomatoes, Plum Type",Los Angeles,1,558,0.52,,
corr sp->terminal lag 2w,,"Tomatoes, Plum Type",Los Angeles,2,557,-0.11,,
corr sp->terminal lag 3w,,"Tomatoes, Plum Type",Los Angeles,3,556,-0.235,,
USDA tone (terminal),up,"Tomatoes, Plum Type",Los Angeles,1,15,0.6,0.249,2.41
USDA tone (terminal),down,"Tomatoes, Plum Type",Los Angeles,1,14,0.857,0.241,3.55
terminal momentum,up,"Tomatoes, Plum Type",Los Angeles,1,102,0.373,0.249,1.5
terminal momentum,down,"Tomatoes, Plum Type",Los Angeles,1,91,0.418,0.242,1.73
shipping point lead,up,"Tomatoes, Plum Type",New York,2,120,0.45,0.373,1.21
shipping point lead,down,"Tomatoes, Plum Type",New York,2,117,0.607,0.4,1.52
"shipping point lead, terminal not yet moved",up,"Tomatoes, Plum Type",New York,2,28,0.821,0.37,2.22
"shipping point lead, terminal not yet moved",down,"Tomatoes, Plum Type",New York,2,23,0.913,0.401,2.28
corr sp->terminal lag 0w,,"Tomatoes, Plum Type",New York,0,557,0.737,,
corr sp->terminal lag 1w,,"Tomatoes, Plum Type",New York,1,556,0.499,,
corr sp->terminal lag 2w,,"Tomatoes, Plum Type",New York,2,555,-0.254,,
corr sp->terminal lag 3w,,"Tomatoes, Plum Type",New York,3,554,-0.264,,
USDA tone (terminal),up,"Tomatoes, Plum Type",New York,1,46,0.761,0.307,2.48
USDA tone (terminal),down,"Tomatoes, Plum Type",New York,1,60,0.717,0.313,2.29
terminal momentum,up,"Tomatoes, Plum Type",New York,1,116,0.422,0.307,1.38
terminal momentum,down,"Tomatoes, Plum Type",New York,1,112,0.42,0.314,1.34
