commodity,market,no_change_miss_pct,forecast_miss_pct,uses,better_by_pct
Bananas,Chicago,2.2,2.2,no change,0.0
Carrots,Chicago,4.8,4.9,no change,-2.0
Potatoes,Chicago,6.3,6.5,no change,-3.0
"Onions, Dry",Chicago,6.5,6.7,no change,-3.0
Lemons,Chicago,8.5,8.5,no change,0.0
Avocados,Chicago,10.2,10.2,model,0.0
Celery,Chicago,15.0,11.3,model,25.0
Limes,Chicago,17.3,13.4,model,23.0
Cucumbers,Chicago,13.8,13.8,no change,0.0
Grapes,Chicago,13.7,13.9,model,-1.0
"Lettuce, Romaine",Chicago,18.5,14.6,model,21.0
Broccoli,Chicago,14.6,15.0,no change,-3.0
"Lettuce, Iceberg",Chicago,18.9,16.6,model,12.0
"Tomatoes, Plum Type",Chicago,18.4,17.0,model,8.0
Blueberries,Chicago,19.3,18.5,model,4.0
"Peppers, Bell Type",Chicago,18.8,19.5,no change,-4.0
Tomatoes,Chicago,21.6,20.6,model,5.0
Strawberries,Chicago,23.9,20.7,model,13.0
Bananas,Los Angeles,1.0,1.1,no change,-10.0
Carrots,Los Angeles,3.1,3.2,no change,-3.0
Potatoes,Los Angeles,6.3,6.4,no change,-2.0
Lemons,Los Angeles,7.0,7.1,no change,-1.0
"Onions, Dry",Los Angeles,6.8,7.1,no change,-4.0
Avocados,Los Angeles,8.3,8.5,no change,-2.0
"Lettuce, Romaine",Los Angeles,13.0,11.3,model,13.0
Broccoli,Los Angeles,13.3,13.0,model,2.0
Celery,Los Angeles,15.9,13.0,model,18.0
Limes,Los Angeles,16.2,13.5,model,17.0
Strawberries,Los Angeles,17.2,13.9,model,19.0
Cucumbers,Los Angeles,16.7,17.0,model,-2.0
Blueberries,Los Angeles,19.0,17.1,model,10.0
Tomatoes,Los Angeles,18.2,18.4,no change,-1.0
"Tomatoes, Plum Type",Los Angeles,19.8,18.7,model,6.0
"Peppers, Bell Type",Los Angeles,18.9,19.5,no change,-3.0
"Lettuce, Iceberg",Los Angeles,26.0,22.8,model,12.0
"Onions, Dry",New York,0.2,0.4,no change,-100.0
Bananas,New York,1.8,1.8,no change,0.0
Carrots,New York,4.7,4.8,no change,-2.0
Potatoes,New York,5.6,5.6,no change,0.0
Lemons,New York,6.4,6.4,no change,0.0
Celery,New York,12.9,10.0,model,22.0
Avocados,New York,11.3,10.9,model,4.0
Grapes,New York,11.3,11.6,no change,-3.0
Broccoli,New York,15.3,12.0,model,22.0
"Lettuce, Romaine",New York,16.1,13.6,model,16.0
Limes,New York,18.9,14.1,model,25.0
"Lettuce, Iceberg",New York,21.4,18.0,model,16.0
"Tomatoes, Plum Type",New York,19.0,19.2,no change,-1.0
"Peppers, Bell Type",New York,23.2,21.7,model,6.0
Blueberries,New York,27.0,22.8,model,16.0
Cucumbers,New York,29.0,26.2,model,10.0
Tomatoes,New York,30.2,30.2,model,0.0
Strawberries,New York,40.4,34.5,model,15.0
