horizon,method,mae_pct,direction_hit
1,by_commodity,7.4229,0.4888
1,by_commodity_market,7.4047,0.4881
1,by_commodity_market+weather,7.4117,0.4889
1,naive,7.7266,0.0
1,pooled,7.5366,0.4841
1,pooled+weather,7.5416,0.4842
1,seasonal,8.4508,0.4174
2,by_commodity,12.09,0.5389
2,by_commodity_market,12.069,0.5395
2,by_commodity_market+weather,12.0709,0.5396
2,naive,13.0656,0.0
2,pooled,12.3009,0.5339
2,pooled+weather,12.305,0.5335
2,seasonal,13.8086,0.4581
3,by_commodity,15.5637,0.5665
3,by_commodity_market,15.5361,0.5662
3,by_commodity_market+weather,15.5231,0.5671
3,naive,17.0237,0.0
3,pooled,15.8216,0.5623
3,pooled+weather,15.8275,0.562
3,seasonal,17.7145,0.4771
4,by_commodity,18.0489,0.5878
4,by_commodity_market,18.0223,0.5875
4,by_commodity_market+weather,18.0009,0.5898
4,naive,19.9982,0.0
4,pooled,18.3273,0.5819
4,pooled+weather,18.3367,0.5813
4,seasonal,20.4852,0.487
1,per_item,7.1605,
2,per_item,11.872,
3,per_item,15.4134,
4,per_item,17.9671,
