series_id,commodity,market,market_type,label,week_start,compare_price,compare_unit,seasonal_norm,pct_vs_norm,percentile,status,years_of_history,pct_vs_4_weeks_ago,pct_vs_last_year
terminal-new-york-peppers-bell-type-5-kg-11-lb-cartons-extra-large-orange-n,"Peppers, Bell Type",New York,terminal,"Peppers, Bell Type Orange 5 kg/11 lb cartons extra large — New York",2026-09-21,7.0,$/package,18.9637,-63.1,0,cheap,5,-55.4,-5.4
terminal-new-york-peppers-bell-type-5-kg-11-lb-cartons-extra-large-yellow-n,"Peppers, Bell Type",New York,terminal,"Peppers, Bell Type Yellow 5 kg/11 lb cartons extra large — New York",2026-09-21,7.0,$/package,16.6368,-57.9,0,cheap,5,-55.4,-5.4
terminal-los-angeles-lemons-7-10-bushel-cartons-115s-n,Lemons,Los Angeles,terminal,Lemons 7/10 bushel cartons 115s — Los Angeles,2026-09-21,20.5,$/package,43.8376,-53.2,0,cheap,10,-8.9,-52.7
terminal-los-angeles-lemons-7-10-bushel-cartons-140s-n,Lemons,Los Angeles,terminal,Lemons 7/10 bushel cartons 140s — Los Angeles,2026-09-21,22.5,$/package,41.9779,-46.4,0,cheap,10,-15.7,-47.4
terminal-new-york-strawberries-flats-8-1-lb-containers-with-lids-extra-large-n,Strawberries,New York,terminal,Strawberries flats 8 1-lb containers with lids extra large — New York,2026-09-21,11.0,$/package,19.9922,-45.0,0,cheap,3,-58.0,-46.6
terminal-chicago-avocados-hass-cartons-2-layer-36s-n,Avocados,Chicago,terminal,Avocados HASS cartons 2 layer 36s — Chicago,2026-09-21,41.5,$/package,68.0366,-39.0,14,cheap,10,-6.3,3.8
terminal-new-york-cucumbers-1-1-9-bushel-cartons-large-n,Cucumbers,New York,terminal,Cucumbers 1 1/9 bushel cartons large — New York,2026-09-21,19.0,$/package,30.8748,-38.5,10,cheap,10,-48.6,-34.5
terminal-chicago-cucumbers-persian-20-lb-cartons-small-medium-n,Cucumbers,Chicago,terminal,Cucumbers PERSIAN 20 lb cartons small-medium — Chicago,2026-09-21,22.25,$/package,36.084,-38.3,15,cheap,7,50.8,3.5
retail-national-avocados-hass-each-no,Avocados,National,retail,Avocados HASS each — National,2026-09-21,0.88,$/each,1.3937,-36.9,0,cheap,10,-12.9,-16.2
shipping-point-mexico-crossings-through-texas-avocados-hass-cartons-2-layer-36s-n,Avocados,MEXICO CROSSINGS THROUGH TEXAS,shipping point,Avocados HASS cartons 2 layer 36s — MEXICO CROSSINGS THROUGH TEXAS,2026-09-21,35.25,$/package,53.9448,-34.7,17,cheap,9,-23.5,-0.8
terminal-new-york-avocados-hass-cartons-2-layer-48s-n,Avocados,New York,terminal,Avocados HASS cartons 2 layer 48s — New York,2026-09-21,32.6,$/package,49.858,-34.6,10,cheap,10,2.5,20.7
terminal-chicago-avocados-hass-cartons-2-layer-60s-n,Avocados,Chicago,terminal,Avocados HASS cartons 2 layer 60s — Chicago,2026-09-21,31.0,$/package,46.7716,-33.7,10,cheap,10,-6.1,14.8
shipping-point-santa-maria-california-strawberries-flats-8-1-lb-containers-with-lids-medium-n,Strawberries,SANTA MARIA CALIFORNIA,shipping point,Strawberries flats 8 1-lb containers with lids medium — SANTA MARIA CALIFORNIA,2026-09-21,9.4,$/package,13.789,-31.8,0,cheap,5,-53.0,-25.4
terminal-los-angeles-avocados-hass-cartons-2-layer-48s-n,Avocados,Los Angeles,terminal,Avocados HASS cartons 2 layer 48s — Los Angeles,2026-09-21,36.8,$/package,53.2879,-30.9,8,cheap,10,-20.3,13.2
terminal-new-york-avocados-hass-cartons-2-layer-60s-n,Avocados,New York,terminal,Avocados HASS cartons 2 layer 60s — New York,2026-09-21,28.6,$/package,41.2552,-30.7,11,cheap,10,-18.3,14.4
terminal-los-angeles-avocados-hass-cartons-2-layer-60s-n,Avocados,Los Angeles,terminal,Avocados HASS cartons 2 layer 60s — Los Angeles,2026-09-21,33.0,$/package,46.6736,-29.3,8,cheap,10,-21.4,6.5
retail-national-lemons-each-no,Lemons,National,retail,Lemons each — National,2026-09-21,0.5,$/each,0.6966,-28.2,2,cheap,10,-15.3,-23.1
shipping-point-kern-district-california-carrots-50-lb-sacks-loose-jumbo-n,Carrots,KERN DISTRICT CALIFORNIA,shipping point,Carrots 50 lb sacks loose jumbo — KERN DISTRICT CALIFORNIA,2026-09-21,17.25,$/package,23.3972,-26.3,0,cheap,10,0.0,-25.0
shipping-point-kern-district-california-carrots-25-lb-sacks-loose-jumbo-n,Carrots,KERN DISTRICT CALIFORNIA,shipping point,Carrots 25 lb sacks loose jumbo — KERN DISTRICT CALIFORNIA,2026-09-21,8.5,$/package,11.3912,-25.4,0,cheap,10,3.0,-22.7
retail-national-cucumbers-long-seedless-each-environment-greenhouse-no,Cucumbers,National,retail,Cucumbers LONG SEEDLESS environment=Greenhouse each — National,2026-09-21,1.27,$/each,1.6961,-25.1,2,cheap,10,0.8,7.6
shipping-point-mexico-crossings-through-texas-avocados-hass-cartons-2-layer-32s-n,Avocados,MEXICO CROSSINGS THROUGH TEXAS,shipping point,Avocados HASS cartons 2 layer 32s — MEXICO CROSSINGS THROUGH TEXAS,2026-09-21,39.65,$/package,52.8721,-25.0,18,cheap,9,-13.9,-13.9
retail-national-peppers-bell-type-yellow-each-no,"Peppers, Bell Type",National,retail,"Peppers, Bell Type YELLOW each — National",2026-09-21,1.21,$/each,1.605,-24.6,0,cheap,10,3.4,-3.2
terminal-los-angeles-blueberries-flats-12-6-oz-cups-with-lids-medium-large-n,Blueberries,Los Angeles,terminal,Blueberries flats 12 6-oz cups with lids medium-large — Los Angeles,2026-09-21,24.0,$/package,31.4633,-23.7,34,normal,9,26.3,
retail-national-peppers-bell-type-red-each-no,"Peppers, Bell Type",National,retail,"Peppers, Bell Type RED each — National",2026-09-21,1.2,$/each,1.5363,-21.9,0,cheap,10,1.7,-4.0
retail-national-carrots-baby-peeled-2-lb-bag-no,Carrots,National,retail,Carrots BABY PEELED 2 lb bag — National,2026-09-21,2.25,$/2 lb bag,2.8527,-21.1,0,cheap,10,-9.3,-13.1
terminal-los-angeles-limes-seedless-type-40-lb-cartons-200s-n,Limes,Los Angeles,terminal,Limes SEEDLESS TYPE 40 lb cartons 200s — Los Angeles,2026-09-21,41.0,$/package,51.3046,-20.1,33,normal,3,24.2,43.4
terminal-los-angeles-limes-seedless-type-40-lb-cartons-230s-n,Limes,Los Angeles,terminal,Limes SEEDLESS TYPE 40 lb cartons 230s — Los Angeles,2026-09-21,41.0,$/package,51.3046,-20.1,40,normal,3,32.3,32.3
shipping-point-mexico-crossings-through-texas-cucumbers-1-1-9-bushel-cartons-medium-n,Cucumbers,MEXICO CROSSINGS THROUGH TEXAS,shipping point,Cucumbers 1 1/9 bushel cartons medium — MEXICO CROSSINGS THROUGH TEXAS,2026-09-21,18.75,$/package,23.3843,-19.8,25,cheap,9,-23.3,34.4
terminal-chicago-blueberries-flats-12-1-pint-cups-with-lids-large-n,Blueberries,Chicago,terminal,Blueberries flats 12 1-pint cups with lids large — Chicago,2026-09-21,35.25,$/package,43.8952,-19.7,25,cheap,7,1.4,-11.7
shipping-point-mexico-crossings-through-texas-cucumbers-1-1-9-bushel-cartons-large-n,Cucumbers,MEXICO CROSSINGS THROUGH TEXAS,shipping point,Cucumbers 1 1/9 bushel cartons large — MEXICO CROSSINGS THROUGH TEXAS,2026-09-21,18.55,$/package,22.9294,-19.1,18,cheap,9,-18.1,20.1
retail-national-potatoes-yellow-type-5-lb-bag-no,Potatoes,National,retail,Potatoes YELLOW TYPE 5 lb bag — National,2026-09-21,3.15,$/5 lb bag,3.8803,-18.8,2,cheap,10,10.5,-24.5
retail-national-strawberries-1-lb-package-no,Strawberries,National,retail,Strawberries 1 lb package — National,2026-09-21,2.65,$/1 lb package,3.2473,-18.4,0,cheap,10,-9.9,-6.0
retail-national-strawberries-2-lb-package-no,Strawberries,National,retail,Strawberries 2 lb package — National,2026-09-21,4.99,$/2 lb package,6.023,-17.2,13,cheap,10,4.0,0.0
terminal-new-york-carrots-topped-50-lb-sacks-loose-jumbo-n,Carrots,New York,terminal,Carrots TOPPED 50 lb sacks loose jumbo — New York,2026-09-21,18.3,$/package,22.0869,-17.1,17,cheap,10,-8.5,-22.9
terminal-los-angeles-lettuce-romaine-cartons-film-lined-24s-n,"Lettuce, Romaine",Los Angeles,terminal,"Lettuce, Romaine cartons film lined 24s — Los Angeles",2026-09-21,20.9,$/package,25.089,-16.7,47,normal,6,13.0,12.1
retail-national-limes-each-no,Limes,National,retail,Limes each — National,2026-09-21,0.36,$/each,0.4303,-16.3,18,cheap,10,-21.7,-20.0
shipping-point-santa-maria-california-strawberries-flats-8-1-lb-containers-with-lids-medium-y,Strawberries,SANTA MARIA CALIFORNIA,shipping point,Strawberries flats 8 1-lb containers with lids medium organic — SANTA MARIA CALIFORNIA,2026-09-21,18.8,$/package,22.3799,-16.0,27,normal,5,-23.0,-4.1
terminal-los-angeles-cucumbers-1-1-9-bushel-cartons-large-n,Cucumbers,Los Angeles,terminal,Cucumbers 1 1/9 bushel cartons large — Los Angeles,2026-09-21,29.0,$/package,34.4725,-15.9,32,normal,10,-19.9,38.1
retail-national-carrots-baby-peeled-1-lb-bag-no,Carrots,National,retail,Carrots BABY PEELED 1 lb bag — National,2026-09-21,1.3,$/1 lb bag,1.5412,-15.6,12,cheap,10,1.6,4.0
terminal-new-york-blueberries-flats-12-1-pint-cups-with-lids-large-n,Blueberries,New York,terminal,Blueberries flats 12 1-pint cups with lids large — New York,2026-09-21,41.5,$/package,47.3652,-12.4,20,cheap,7,77.4,-22.1
retail-national-tomatoes-plum-type-roma-per-lb-no,Tomatoes,National,retail,Tomatoes Plum Type (Roma) per lb — National,2026-09-21,1.18,$/per lb,1.3422,-12.1,18,cheap,10,-10.6,4.4
wholesale-central-chicken-all-items-fresh-domestic-all-sizes,Chicken,Central,wholesale,Chicken All Items Fresh Domestic All Sizes — Central,2026-09-21,102.45,cents/lb,116.4638,-12.0,20,cheap,4,4.6,7.4
retail-national-avocados-hass-marked-large-each-no,Avocados,National,retail,Avocados Hass-Marked Large each — National,2026-09-21,1.35,$/each,1.523,-11.4,20,cheap,3,3.1,14.4
wholesale-central-chicken-wog-fresh-domestic-all-sizes,Chicken,Central,wholesale,Chicken WOG Fresh Domestic All Sizes — Central,2026-09-21,102.45,cents/lb,114.9197,-10.9,20,cheap,4,5.4,8.8
terminal-chicago-bananas-40-lb-cartons-y,Bananas,Chicago,terminal,Bananas 40 lb cartons organic — Chicago,2026-09-21,28.5,$/package,31.9581,-10.8,11,cheap,10,0.0,9.6
terminal-chicago-broccoli-baby-hybrid-type-cartons-bunched-18s-y,Broccoli,Chicago,terminal,Broccoli BABY HYBRID TYPE cartons bunched 18s organic — Chicago,2026-09-21,35.2,$/package,38.5717,-8.7,37,normal,8,-2.2,25.7
retail-national-cucumbers-each-no,Cucumbers,National,retail,Cucumbers each — National,2026-09-21,0.75,$/each,0.8206,-8.6,22,cheap,10,8.7,-3.8
wholesale-eastern-chicken-all-items-fresh-domestic-all-sizes,Chicken,Eastern,wholesale,Chicken All Items Fresh Domestic All Sizes — Eastern,2026-09-21,115.54,cents/lb,126.4396,-8.6,20,cheap,4,-1.1,3.2
wholesale-national-chicken-all-items-fresh-domestic-all-sizes,Chicken,National,wholesale,Chicken ALL Items Fresh Domestic All Sizes — National,2026-09-21,116.45,cents/lb,127.2691,-8.5,20,cheap,4,0.0,3.7
retail-national-broccoli-per-bunch-no,Broccoli,National,retail,Broccoli per bunch — National,2026-09-21,2.77,$/per bunch,3.013,-8.1,12,cheap,10,-4.5,-6.4
terminal-new-york-lemons-7-10-bushel-cartons-140s-n,Lemons,New York,terminal,Lemons 7/10 bushel cartons 140s — New York,2026-09-21,35.2,$/package,38.2414,-8.0,29,normal,10,-2.2,-18.1
wholesale-national-chicken-wog-fresh-domestic-all-sizes,Chicken,National,wholesale,Chicken WOG Fresh Domestic All Sizes — National,2026-09-21,115.65,cents/lb,125.2614,-7.7,20,cheap,4,0.5,5.7
terminal-los-angeles-carrots-25-lb-sacks-loose-jumbo-n,Carrots,Los Angeles,terminal,Carrots 25 lb sacks loose jumbo — Los Angeles,2026-09-21,12.75,$/package,13.7683,-7.4,20,cheap,10,2.0,2.0
wholesale-national-chicken-wog-fresh-domestic-2-51-to-3-50-lb,Chicken,National,wholesale,Chicken WOG Fresh Domestic 2.51 to 3.50 LB — National,2026-09-21,114.17,cents/lb,122.8668,-7.1,30,normal,4,0.9,8.8
terminal-chicago-bananas-40-lb-cartons-n,Bananas,Chicago,terminal,Bananas 40 lb cartons — Chicago,2026-09-21,21.0,$/package,22.1256,-5.1,0,cheap,10,0.0,-3.4
terminal-los-angeles-cucumbers-persian-22-lb-cartons-small-n,Cucumbers,Los Angeles,terminal,Cucumbers PERSIAN 22 lb cartons small — Los Angeles,2026-09-21,27.5,$/package,28.9845,-5.1,42,normal,9,37.5,41.0
terminal-los-angeles-lettuce-romaine-hearts-cartons-film-lined-48s-n,"Lettuce, Romaine",Los Angeles,terminal,"Lettuce, Romaine HEARTS cartons film lined 48s — Los Angeles",2026-09-21,32.0,$/package,33.6448,-4.9,42,normal,8,0.0,-5.9
terminal-new-york-potatoes-round-red-50-lb-cartons-size-a-n,Potatoes,New York,terminal,Potatoes ROUND RED 50 lb cartons size A — New York,2026-09-21,34.1,$/package,35.8119,-4.8,32,normal,10,-2.3,16.4
retail-national-potatoes-russet-5-lb-bag-no,Potatoes,National,retail,Potatoes RUSSET 5 lb bag — National,2026-09-21,2.98,$/5 lb bag,3.1204,-4.5,34,normal,10,-11.6,1.4
terminal-new-york-carrots-baby-peeled-cartons-30-1-lb-film-bags-n,Carrots,New York,terminal,Carrots BABY PEELED cartons 30 1-lb film bags — New York,2026-09-21,29.0,$/package,30.3715,-4.5,37,normal,7,3.6,7.4
terminal-new-york-onions-dry-pearl-type-cartons-12-10-oz-packages-small-yellow-n,"Onions, Dry",New York,terminal,"Onions, Dry PEARL TYPE YELLOW cartons 12 10-oz packages small — New York",2026-09-21,21.0,$/package,21.7531,-3.5,38,normal,8,0.0,2.4
terminal-chicago-onions-dry-red-25-lb-sacks-jumbo-globe-type-n,"Onions, Dry",Chicago,terminal,"Onions, Dry RED GLOBE TYPE 25 lb sacks jumbo — Chicago",2026-09-21,18.0,$/package,18.5984,-3.2,48,normal,10,-2.2,25.9
terminal-new-york-lemons-7-10-bushel-cartons-165s-n,Lemons,New York,terminal,Lemons 7/10 bushel cartons 165s — New York,2026-09-21,37.0,$/package,37.5993,-1.6,48,normal,10,2.8,
terminal-new-york-potatoes-round-red-50-lb-cartons-creamers-3-4-1-5-8-n,Potatoes,New York,terminal,"Potatoes ROUND RED 50 lb cartons Creamers 3/4-1 5/8"" — New York",2026-09-21,70.0,$/package,71.0662,-1.5,47,normal,9,14.0,30.8
terminal-new-york-onions-dry-pearl-type-cartons-12-10-oz-packages-small-red-n,"Onions, Dry",New York,terminal,"Onions, Dry PEARL TYPE RED cartons 12 10-oz packages small — New York",2026-09-21,22.5,$/package,22.7556,-1.1,50,normal,8,0.0,-2.2
retail-national-lettuce-romaine-hearts-3-count-no,Lettuce,National,retail,Lettuce Romaine (Hearts) 3 count — National,2026-09-21,3.54,$/3 count,3.5554,-0.4,48,normal,10,-4.6,4.4
terminal-los-angeles-bananas-baby-15-lb-cartons-n,Bananas,Los Angeles,terminal,Bananas BABY 15 lb cartons — Los Angeles,2026-09-21,15.0,$/package,15.0625,-0.4,48,normal,10,0.0,3.4
terminal-los-angeles-onions-dry-red-25-lb-sacks-jumbo-globe-type-n,"Onions, Dry",Los Angeles,terminal,"Onions, Dry RED GLOBE TYPE 25 lb sacks jumbo — Los Angeles",2026-09-21,15.9,$/package,15.8515,0.3,50,normal,10,-9.1,59.0
wholesale-western-chicken-all-items-fresh-domestic-all-sizes,Chicken,Western,wholesale,Chicken All Items Fresh Domestic All Sizes — Western,2026-09-21,138.27,cents/lb,137.315,0.7,50,normal,4,0.2,8.6
retail-national-grapes-red-seedless-per-lb-no,Grapes,National,retail,Grapes RED SEEDLESS per lb — National,2026-09-21,2.36,$/per lb,2.341,0.8,56,normal,10,-1.3,0.9
retail-national-grapes-white-seedless-type-per-lb-no,Grapes,National,retail,Grapes WHITE SEEDLESS TYPE per lb — National,2026-09-21,2.35,$/per lb,2.3221,1.2,58,normal,10,12.4,1.7
wholesale-western-chicken-wog-fresh-domestic-all-sizes,Chicken,Western,wholesale,Chicken WOG Fresh Domestic All Sizes — Western,2026-09-21,138.2,cents/lb,135.7996,1.8,50,normal,4,0.1,8.8
retail-national-celery-each-no,Celery,National,retail,Celery each — National,2026-09-21,1.64,$/each,1.6073,2.0,61,normal,10,-5.7,3.8
terminal-los-angeles-broccoli-crown-cut-20-lb-cartons-loose-n,Broccoli,Los Angeles,terminal,Broccoli CROWN CUT 20 lb cartons loose — Los Angeles,2026-09-21,29.5,$/package,28.7032,2.8,54,normal,10,11.3,11.3
terminal-los-angeles-celery-cartons-2-1-2-dozen-n,Celery,Los Angeles,terminal,Celery cartons 2 1/2 dozen — Los Angeles,2026-09-21,18.5,$/package,17.919,3.2,78,expensive,10,-4.1,-7.5
retail-national-broccoli-crown-cut-per-lb-no,Broccoli,National,retail,Broccoli CROWN CUT per lb — National,2026-09-21,2.01,$/per lb,1.9449,3.3,66,normal,10,4.7,11.7
terminal-new-york-celery-cartons-2-dozen-n,Celery,New York,terminal,Celery cartons 2 dozen — New York,2026-09-21,24.0,$/package,23.0707,4.0,64,normal,9,,-11.1
terminal-new-york-lettuce-romaine-hearts-cartons-12-3-count-packages-n,"Lettuce, Romaine",New York,terminal,"Lettuce, Romaine HEARTS cartons 12 3-count packages — New York",2026-09-21,26.2,$/package,25.1469,4.2,54,normal,5,,24.8
retail-national-onions-dry-yellow-marked-sweet-per-lb-no,"Onions, Dry",National,retail,"Onions, Dry YELLOW MARKED SWEET per lb — National",2026-09-21,1.47,$/per lb,1.3908,5.7,72,normal,10,12.2,18.5
retail-national-bananas-per-lb-no,Bananas,National,retail,Bananas per lb — National,2026-09-21,0.61,$/per lb,0.5756,6.0,70,normal,10,5.2,-1.6
terminal-los-angeles-celery-cartons-2-dozen-n,Celery,Los Angeles,terminal,Celery cartons 2 dozen — Los Angeles,2026-09-21,18.9,$/package,17.7586,6.4,76,expensive,10,-6.0,-14.1
terminal-chicago-carrots-50-lb-sacks-loose-jumbo-n,Carrots,Chicago,terminal,Carrots 50 lb sacks loose jumbo — Chicago,2026-09-21,24.5,$/package,22.9399,6.8,58,normal,10,-12.5,14.0
retail-national-celery-hearts-per-package-no,Celery,National,retail,Celery HEARTS per package — National,2026-09-21,3.21,$/per package,2.9908,7.3,73,normal,3,-8.3,2.2
terminal-los-angeles-strawberries-flats-8-1-lb-containers-with-lids-medium-large-n,Strawberries,Los Angeles,terminal,Strawberries flats 8 1-lb containers with lids medium-large — Los Angeles,2026-09-21,21.0,$/package,19.4335,8.1,62,normal,5,0.0,
shipping-point-mexico-crossings-through-texas-tomatoes-plum-type-roma-25-lb-cartons-loose-large-n,"Tomatoes, Plum Type",MEXICO CROSSINGS THROUGH TEXAS,shipping point,"Tomatoes, Plum Type ROMA 25 lb cartons loose large — MEXICO CROSSINGS THROUGH TEXAS",2026-09-21,18.45,$/package,16.5281,11.6,59,normal,10,-1.1,61.1
terminal-chicago-lettuce-iceberg-cartons-12s-film-wrapped-y,"Lettuce, Iceberg",Chicago,terminal,"Lettuce, Iceberg cartons 12s film wrapped organic — Chicago",2026-09-21,28.0,$/package,24.9779,12.1,57,normal,7,16.7,16.7
terminal-chicago-potatoes-yellow-type-50-lb-cartons-size-a-y,Potatoes,Chicago,terminal,Potatoes YELLOW TYPE 50 lb cartons size A organic — Chicago,2026-09-21,58.0,$/package,51.6867,12.2,88,expensive,4,-9.4,11.5
terminal-los-angeles-potatoes-long-white-50-lb-cartons-size-a-n,Potatoes,Los Angeles,terminal,Potatoes LONG WHITE 50 lb cartons size A — Los Angeles,2026-09-21,45.15,$/package,40.2275,12.2,69,normal,10,-9.7,18.8
retail-national-lemons-2-lb-bag-no,Lemons,National,retail,Lemons 2 lb bag — National,2026-09-21,4.61,$/2 lb bag,4.0841,12.9,77,expensive,10,14.1,-4.8
terminal-chicago-potatoes-round-red-50-lb-cartons-size-a-n,Potatoes,Chicago,terminal,Potatoes ROUND RED 50 lb cartons size A — Chicago,2026-09-21,38.25,$/package,33.5699,13.9,74,normal,10,-4.1,32.1
terminal-los-angeles-onions-dry-white-50-lb-sacks-medium-n,"Onions, Dry",Los Angeles,terminal,"Onions, Dry WHITE 50 lb sacks medium — Los Angeles",2026-09-21,29.9,$/package,26.1024,14.5,74,normal,10,-3.5,75.9
terminal-chicago-carrots-sacks-10-5-lb-film-bags-medium-large-n,Carrots,Chicago,terminal,Carrots sacks 10 5-lb film bags medium-large — Chicago,2026-09-21,33.5,$/package,29.132,15.0,100,expensive,10,-6.9,18.5
terminal-chicago-lettuce-romaine-hearts-cartons-12-3-count-packages-n,"Lettuce, Romaine",Chicago,terminal,"Lettuce, Romaine HEARTS cartons 12 3-count packages — Chicago",2026-09-21,29.4,$/package,25.5633,15.0,66,normal,10,18.2,20.0
retail-national-tomatoes-vine-ripes-on-the-vine-per-lb-environment-greenhouse-no,Tomatoes,National,retail,Tomatoes VINE RIPES - ON THE VINE environment=Greenhouse per lb — National,2026-09-21,2.28,$/per lb,1.9813,15.1,82,expensive,10,28.1,26.0
terminal-new-york-broccoli-cartons-bunched-14s-n,Broccoli,New York,terminal,Broccoli cartons bunched 14s — New York,2026-09-21,30.9,$/package,26.8159,15.2,88,expensive,10,34.3,6.6
wholesale-national-beef-round-eye-of-round-171c-3-choice-cuts-choice,Beef,National,wholesale,"Beef Round, eye of round (171C  3) Choice Choice Cuts — National",2026-09-21,404.694,$/cwt,349.243,15.9,72,normal,10,-7.2,-20.2
terminal-new-york-celery-cartons-film-bags-30s-n,Celery,New York,terminal,Celery cartons film bags 30s — New York,2026-09-21,29.0,$/package,24.9367,16.3,90,expensive,10,-6.5,7.4
terminal-los-angeles-potatoes-long-white-50-lb-cartons-size-b-n,Potatoes,Los Angeles,terminal,Potatoes LONG WHITE 50 lb cartons size B — Los Angeles,2026-09-21,33.45,$/package,28.6698,16.7,79,expensive,10,-1.6,23.9
terminal-chicago-blueberries-flats-12-1-pint-cups-with-lids-large-y,Blueberries,Chicago,terminal,Blueberries flats 12 1-pint cups with lids large organic — Chicago,2026-09-14,52.0,$/package,44.3651,17.2,83,expensive,3,80.6,-13.3
terminal-chicago-celery-cartons-film-bags-30s-n,Celery,Chicago,terminal,Celery cartons film bags 30s — Chicago,2026-09-21,29.9,$/package,25.4806,17.3,88,expensive,10,-10.7,-9.7
shipping-point-mexico-crossings-through-texas-tomatoes-plum-type-roma-25-lb-cartons-loose-extra-large-n,"Tomatoes, Plum Type",MEXICO CROSSINGS THROUGH TEXAS,shipping point,"Tomatoes, Plum Type ROMA 25 lb cartons loose extra large — MEXICO CROSSINGS THROUGH TEXAS",2026-09-21,20.65,$/package,17.5542,17.6,68,normal,10,5.1,55.8
terminal-chicago-strawberries-flats-8-1-lb-containers-with-lids-medium-y,Strawberries,Chicago,terminal,Strawberries flats 8 1-lb containers with lids medium organic — Chicago,2026-09-21,36.0,$/package,30.3786,18.5,73,normal,3,50.0,80.0
terminal-chicago-celery-cartons-2-1-2-dozen-n,Celery,Chicago,terminal,Celery cartons 2 1/2 dozen — Chicago,2026-09-21,27.5,$/package,23.1643,18.7,88,expensive,10,-17.9,-13.4
terminal-chicago-strawberries-flats-8-1-lb-containers-with-lids-medium-n,Strawberries,Chicago,terminal,Strawberries flats 8 1-lb containers with lids medium — Chicago,2026-09-21,22.5,$/package,18.8195,19.6,79,expensive,4,-11.8,63.6
retail-national-onions-dry-yellow-3-lb-bag-no,"Onions, Dry",National,retail,"Onions, Dry YELLOW 3 lb bag — National",2026-09-21,3.14,$/3 lb bag,2.608,20.4,92,expensive,10,37.1,1.6
retail-national-blueberries-1-pint-11-12-oz-cntr-w-lid-no,Blueberries,National,retail,Blueberries 1 pint (11-12 oz cntr w/ lid) — National,2026-09-21,4.92,$/1 pint (11-12 oz cntr w/ lid),4.0691,20.9,80,expensive,3,69.1,27.8
terminal-los-angeles-broccoli-baby-hybrid-type-cartons-bunched-18s-n,Broccoli,Los Angeles,terminal,Broccoli BABY HYBRID TYPE cartons bunched 18s — Los Angeles,2026-09-21,39.0,$/package,32.2672,20.9,84,expensive,9,21.9,6.0
retail-national-lettuce-iceberg-each-no,Lettuce,National,retail,Lettuce Iceberg each — National,2026-09-21,1.84,$/each,1.5139,21.5,98,expensive,10,1.7,16.5
wholesale-national-beef-loin-tndrloin-trmd-heavy-189a-4-choice-cuts-choice,Beef,National,wholesale,"Beef Loin, tndrloin, trmd, heavy (189A  4) Choice Choice Cuts — National",2026-09-21,1681.092,$/cwt,1375.5489,22.2,86,expensive,10,-5.3,-12.6
wholesale-national-beef-round-outside-round-171b-3-choice-cuts-choice,Beef,National,wholesale,"Beef Round, outside round (171B  3) Choice Choice Cuts — National",2026-09-21,393.248,$/cwt,318.9814,23.3,80,expensive,10,-3.6,0.0
shipping-point-mexico-crossings-through-texas-tomatoes-vine-ripes-cartons-2-layer-4x4s-n,Tomatoes,MEXICO CROSSINGS THROUGH TEXAS,shipping point,Tomatoes VINE RIPES cartons 2 layer 4x4s — MEXICO CROSSINGS THROUGH TEXAS,2026-09-21,21.45,$/package,17.2791,24.1,81,expensive,10,8.6,87.3
shipping-point-mexico-crossings-through-texas-tomatoes-vine-ripes-cartons-2-layer-4x5s-n,Tomatoes,MEXICO CROSSINGS THROUGH TEXAS,shipping point,Tomatoes VINE RIPES cartons 2 layer 4x5s — MEXICO CROSSINGS THROUGH TEXAS,2026-09-21,21.45,$/package,17.2791,24.1,81,expensive,10,8.6,87.3
terminal-chicago-lettuce-romaine-cartons-24s-n,"Lettuce, Romaine",Chicago,terminal,"Lettuce, Romaine cartons 24s — Chicago",2026-09-21,30.1,$/package,23.9954,25.4,76,expensive,10,19.8,45.1
wholesale-national-beef-round-knuckle-peeled-167a-4-choice-cuts-choice,Beef,National,wholesale,"Beef Round, knuckle, peeled (167A  4) Choice Choice Cuts — National",2026-09-21,420.526,$/cwt,333.1914,26.2,90,expensive,10,-9.5,-12.6
wholesale-national-beef-loin-top-butt-boneless-184-3-choice-cuts-choice,Beef,National,wholesale,"Beef Loin, top butt, boneless (184  3) Choice Choice Cuts — National",2026-09-21,509.202,$/cwt,401.7596,26.7,86,expensive,10,-0.8,-3.6
wholesale-national-beef-round-top-inside-round-168-3-choice-cuts-choice,Beef,National,wholesale,"Beef Round, top inside round (168  3) Choice Choice Cuts — National",2026-09-21,380.426,$/cwt,296.2811,28.4,86,expensive,10,-7.8,-8.4
terminal-new-york-lettuce-romaine-cartons-24s-n,"Lettuce, Romaine",New York,terminal,"Lettuce, Romaine cartons 24s — New York",2026-09-21,29.8,$/package,22.895,30.2,80,expensive,10,29.6,41.9
terminal-chicago-limes-seedless-type-40-lb-cartons-175s-n,Limes,Chicago,terminal,Limes SEEDLESS TYPE 40 lb cartons 175s — Chicago,2026-09-21,43.4,$/package,33.1051,31.1,72,normal,10,34.8,43.7
wholesale-national-beef-brisket-deckle-off-bnls-120-1-choice-cuts-choice,Beef,National,wholesale,"Beef Brisket, deckle-off, bnls (120  1) Choice Choice Cuts — National",2026-09-21,445.326,$/cwt,338.3779,31.6,88,expensive,10,-10.8,1.3
wholesale-national-beef-cutout-600-900-lb-choice,Beef,National,wholesale,Beef Cutout 600-900 lb Choice — National,2026-09-21,377.5,$/cwt,283.5031,33.2,90,expensive,10,-1.5,0.2
wholesale-national-beef-cutout-600-900-lb-select,Beef,National,wholesale,Beef Cutout 600-900 lb Select — National,2026-09-21,354.764,$/cwt,263.5141,34.6,94,expensive,10,-2.4,-0.6
wholesale-national-beef-chuck-roll-lxl-neck-off-116a-3-choice-cuts-choice,Beef,National,wholesale,"Beef Chuck, roll, lxl, neck/off (116A  3) Choice Choice Cuts — National",2026-09-21,580.668,$/cwt,423.3544,37.2,96,expensive,10,8.8,9.4
wholesale-national-beef-loin-strip-bnls-0x1-180-3-choice-cuts-choice,Beef,National,wholesale,"Beef Loin, strip, bnls, 0x1 (180  3) Choice Choice Cuts — National",2026-09-21,999.47,$/cwt,714.1916,39.9,100,expensive,10,1.3,17.1
wholesale-national-beef-rib-ribeye-lip-on-bn-in-109e-1-choice-cuts-choice,Beef,National,wholesale,"Beef Rib, ribeye, lip-on, bn-in (109E  1) Choice Choice Cuts — National",2026-09-21,1351.264,$/cwt,959.7412,40.8,94,expensive,10,9.9,7.3
wholesale-national-beef-ground-beef-81-ground-beef,Beef,National,wholesale,Beef Ground Beef 81% Ground Beef — National,2026-09-21,334.566,$/cwt,236.865,41.2,90,expensive,10,-7.7,-3.0
terminal-new-york-bananas-burro-20-lb-cartons-n,Bananas,New York,terminal,Bananas BURRO 20 lb cartons — New York,2026-09-21,26.0,$/package,18.3654,41.6,100,expensive,10,12.1,23.8
terminal-new-york-limes-seedless-type-40-lb-cartons-175s-n,Limes,New York,terminal,Limes SEEDLESS TYPE 40 lb cartons 175s — New York,2026-09-21,50.6,$/package,35.4962,42.6,78,expensive,10,41.3,75.7
wholesale-national-beef-chuck-shoulder-clod-trmd-114a-3-choice-cuts-choice,Beef,National,wholesale,"Beef Chuck, shoulder clod, trmd (114A  3) Choice Choice Cuts — National",2026-09-21,424.792,$/cwt,292.9604,45.0,98,expensive,10,2.7,9.9
terminal-new-york-limes-seedless-type-40-lb-cartons-200s-n,Limes,New York,terminal,Limes SEEDLESS TYPE 40 lb cartons 200s — New York,2026-09-21,49.4,$/package,34.0532,45.1,80,expensive,10,38.8,86.4
terminal-chicago-limes-seedless-type-40-lb-cartons-200s-n,Limes,Chicago,terminal,Limes SEEDLESS TYPE 40 lb cartons 200s — Chicago,2026-09-21,44.8,$/package,30.5821,46.5,80,expensive,10,36.6,58.9
terminal-chicago-broccoli-cartons-bunched-14s-y,Broccoli,Chicago,terminal,Broccoli cartons bunched 14s organic — Chicago,2026-09-21,49.6,$/package,32.6942,51.7,80,expensive,10,18.1,55.0
terminal-chicago-onions-dry-white-50-lb-sacks-jumbo-n,"Onions, Dry",Chicago,terminal,"Onions, Dry WHITE 50 lb sacks jumbo — Chicago",2026-09-21,45.5,$/package,29.8168,52.6,100,expensive,10,19.1,82.0
terminal-los-angeles-lettuce-iceberg-cartons-film-lined-24s-n,"Lettuce, Iceberg",Los Angeles,terminal,"Lettuce, Iceberg cartons film lined 24s — Los Angeles",2026-09-21,36.9,$/package,22.1982,66.2,80,expensive,5,59.7,116.4
terminal-chicago-lettuce-iceberg-cartons-24s-film-wrapped-n,"Lettuce, Iceberg",Chicago,terminal,"Lettuce, Iceberg cartons 24s film wrapped — Chicago",2026-09-21,47.4,$/package,27.3303,73.4,92,expensive,10,50.5,123.6
terminal-new-york-lettuce-iceberg-cartons-24s-film-wrapped-n,"Lettuce, Iceberg",New York,terminal,"Lettuce, Iceberg cartons 24s film wrapped — New York",2026-09-21,43.9,$/package,25.1087,74.8,92,expensive,10,62.6,109.0
shipping-point-mexico-crossings-through-texas-lettuce-iceberg-cartons-24s-film-wrapped-n,"Lettuce, Iceberg",MEXICO CROSSINGS THROUGH TEXAS,shipping point,"Lettuce, Iceberg cartons 24s film wrapped — MEXICO CROSSINGS THROUGH TEXAS",2026-09-21,21.6,$/package,12.165,77.6,100,expensive,3,72.8,53.2
shipping-point-mexico-crossings-through-texas-limes-seedless-type-40-lb-cartons-200s-n,Limes,MEXICO CROSSINGS THROUGH TEXAS,shipping point,Limes SEEDLESS TYPE 40 lb cartons 200s — MEXICO CROSSINGS THROUGH TEXAS,2026-09-21,36.6,$/package,19.138,91.2,78,expensive,10,51.2,90.6
shipping-point-mexico-crossings-through-texas-limes-seedless-type-40-lb-cartons-230s-n,Limes,MEXICO CROSSINGS THROUGH TEXAS,shipping point,Limes SEEDLESS TYPE 40 lb cartons 230s — MEXICO CROSSINGS THROUGH TEXAS,2026-09-21,34.4,$/package,15.3593,124.0,84,expensive,10,42.1,107.2
retail-national-blueberries-9-8-oz-package-no,Blueberries,National,retail,Blueberries 9.8 oz package — National,2026-09-21,6.03,$/9.8 oz package,,,,not enough history,1,16.2,17.3
retail-national-limes-2-pound-bags-no,Limes,National,retail,Limes 2 pound bags — National,2026-09-21,4.91,$/2 pound bags,,,,not enough history,1,5.1,6.7
shipping-point-columbia-basin-washington-and-umatilla-basin-oregon-onions-dry-yellow-50-lb-sacks-jumbo-hybrid-n,"Onions, Dry",COLUMBIA BASIN WASHINGTON AND UMATILLA BASIN OREGON,shipping point,"Onions, Dry YELLOW Hybrid 50 lb sacks jumbo — COLUMBIA BASIN WASHINGTON AND UMATILLA BASIN OREGON",2026-09-21,13.5,$/package,,,,not enough history,2,-3.6,107.7
shipping-point-columbia-basin-washington-and-umatilla-basin-oregon-onions-dry-yellow-50-lb-sacks-medium-hybrid-n,"Onions, Dry",COLUMBIA BASIN WASHINGTON AND UMATILLA BASIN OREGON,shipping point,"Onions, Dry YELLOW Hybrid 50 lb sacks medium — COLUMBIA BASIN WASHINGTON AND UMATILLA BASIN OREGON",2026-09-21,10.5,$/package,,,,not enough history,2,0.0,90.9
shipping-point-columbia-basin-washington-and-umatilla-basin-oregon-potatoes-russet-50-lb-cartons-100s-norkotah-n,Potatoes,COLUMBIA BASIN WASHINGTON AND UMATILLA BASIN OREGON,shipping point,Potatoes RUSSET Norkotah 50 lb cartons 100s — COLUMBIA BASIN WASHINGTON AND UMATILLA BASIN OREGON,2026-09-21,11.0,$/package,,,,not enough history,2,4.8,41.9
shipping-point-columbia-basin-washington-and-umatilla-basin-oregon-potatoes-russet-50-lb-cartons-40s-norkotah-n,Potatoes,COLUMBIA BASIN WASHINGTON AND UMATILLA BASIN OREGON,shipping point,Potatoes RUSSET Norkotah 50 lb cartons 40s — COLUMBIA BASIN WASHINGTON AND UMATILLA BASIN OREGON,2026-09-21,20.0,$/package,,,,not enough history,2,0.0,110.5
shipping-point-mexico-crossings-through-texas-peppers-bell-type-11-lb-cartons-extra-large-orange-n,"Peppers, Bell Type",MEXICO CROSSINGS THROUGH TEXAS,shipping point,"Peppers, Bell Type Orange 11 lb cartons extra large — MEXICO CROSSINGS THROUGH TEXAS",2026-09-21,6.0,$/package,,,,not enough history,2,-31.0,-6.2
shipping-point-mexico-crossings-through-texas-peppers-bell-type-11-lb-cartons-extra-large-yellow-n,"Peppers, Bell Type",MEXICO CROSSINGS THROUGH TEXAS,shipping point,"Peppers, Bell Type Yellow 11 lb cartons extra large — MEXICO CROSSINGS THROUGH TEXAS",2026-09-21,6.0,$/package,,,,not enough history,2,-31.0,20.0
shipping-point-south-and-central-district-california-broccoli-cartons-bunched-14s-y,Broccoli,SOUTH AND CENTRAL DISTRICT CALIFORNIA,shipping point,Broccoli cartons bunched 14s organic — SOUTH AND CENTRAL DISTRICT CALIFORNIA,2026-09-21,45.5,$/package,,,,not enough history,2,17.3,-1.1
shipping-point-south-and-central-district-california-broccoli-crown-cut-20-lb-cartons-loose-y,Broccoli,SOUTH AND CENTRAL DISTRICT CALIFORNIA,shipping point,Broccoli CROWN CUT 20 lb cartons loose organic — SOUTH AND CENTRAL DISTRICT CALIFORNIA,2026-09-21,46.5,$/package,,,,not enough history,2,13.7,-7.0
shipping-point-south-and-central-district-california-celery-cartons-2-1-2-dozen-y,Celery,SOUTH AND CENTRAL DISTRICT CALIFORNIA,shipping point,Celery cartons 2 1/2 dozen organic — SOUTH AND CENTRAL DISTRICT CALIFORNIA,2026-09-21,30.4,$/package,,,,not enough history,1,20.6,28.3
shipping-point-south-and-central-district-california-celery-cartons-2-dozen-y,Celery,SOUTH AND CENTRAL DISTRICT CALIFORNIA,shipping point,Celery cartons 2 dozen organic — SOUTH AND CENTRAL DISTRICT CALIFORNIA,2026-09-21,30.4,$/package,,,,not enough history,1,20.6,28.3
shipping-point-south-and-central-district-california-lettuce-iceberg-cartons-12s-film-wrapped-y,"Lettuce, Iceberg",SOUTH AND CENTRAL DISTRICT CALIFORNIA,shipping point,"Lettuce, Iceberg cartons 12s film wrapped organic — SOUTH AND CENTRAL DISTRICT CALIFORNIA",2026-09-21,15.0,$/package,,,,not enough history,2,3.4,32.7
shipping-point-south-and-central-district-california-lettuce-romaine-cartons-24s-y,"Lettuce, Romaine",SOUTH AND CENTRAL DISTRICT CALIFORNIA,shipping point,"Lettuce, Romaine cartons 24s organic — SOUTH AND CENTRAL DISTRICT CALIFORNIA",2026-09-21,23.9,$/package,,,,not enough history,2,6.2,-13.1
shipping-point-south-and-central-district-california-lettuce-romaine-hearts-cartons-12-3-count-packages-y,"Lettuce, Romaine",SOUTH AND CENTRAL DISTRICT CALIFORNIA,shipping point,"Lettuce, Romaine HEARTS cartons 12 3-count packages organic — SOUTH AND CENTRAL DISTRICT CALIFORNIA",2026-09-21,24.6,$/package,,,,not enough history,2,11.8,-16.6
terminal-chicago-cucumbers-cartons-24s-y,Cucumbers,Chicago,terminal,Cucumbers cartons 24s organic — Chicago,2026-09-21,37.6,$/package,,,,not enough history,2,25.3,17.5
terminal-chicago-peppers-bell-type-1-1-9-bushel-cartons-jumbo-green-n,"Peppers, Bell Type",Chicago,terminal,"Peppers, Bell Type Green 1 1/9 bushel cartons jumbo — Chicago",2026-09-21,14.9,$/package,,,,not enough history,2,0.7,13.3
terminal-chicago-peppers-bell-type-5-kg-11-lb-cartons-jumbo-red-y,"Peppers, Bell Type",Chicago,terminal,"Peppers, Bell Type Red 5 kg/11 lb cartons jumbo organic — Chicago",2026-09-21,28.0,$/package,,,,not enough history,2,-33.3,-54.8
terminal-chicago-tomatoes-vine-ripes-5-kg-11-lb-flats-medium-large-light-red-red-on-the-vine-n,Tomatoes,Chicago,terminal,"Tomatoes VINE RIPES Light Red-red, On The Vine 5 kg/11 lb flats medium-large — Chicago",2026-09-21,16.5,$/package,,,,not enough history,2,39.8,34.7
terminal-chicago-tomatoes-vine-ripes-cartons-2-layer-4x5s-light-red-red-n,Tomatoes,Chicago,terminal,Tomatoes VINE RIPES Light Red-red cartons 2 layer 4x5s — Chicago,2026-09-21,22.6,$/package,,,,not enough history,2,3.2,18.9
terminal-chicago-tomatoes-plum-type-roma-25-lb-cartons-loose-xxlge-light-red-red-n,"Tomatoes, Plum Type",Chicago,terminal,"Tomatoes, Plum Type ROMA Light Red-red 25 lb cartons loose XXLGE — Chicago",2026-09-21,26.5,$/package,,,,not enough history,2,12.8,38.9
terminal-chicago-tomatoes-plum-type-roma-25-lb-cartons-loose-extra-large-light-red-red-n,"Tomatoes, Plum Type",Chicago,terminal,"Tomatoes, Plum Type ROMA Light Red-red 25 lb cartons loose extra large — Chicago",2026-09-21,25.0,$/package,,,,not enough history,2,6.4,9.6
terminal-los-angeles-carrots-sacks-10-5-lb-film-bags-n,Carrots,Los Angeles,terminal,Carrots sacks 10 5-lb film bags — Los Angeles,2026-09-21,24.5,$/package,,,,not enough history,1,-14.0,-6.7
terminal-los-angeles-peppers-bell-type-1-1-9-bushel-cartons-extra-large-green-n,"Peppers, Bell Type",Los Angeles,terminal,"Peppers, Bell Type Green 1 1/9 bushel cartons extra large — Los Angeles",2026-09-21,19.5,$/package,,,,not enough history,2,-17.0,-6.7
terminal-los-angeles-peppers-bell-type-1-1-9-bushel-cartons-large-green-n,"Peppers, Bell Type",Los Angeles,terminal,"Peppers, Bell Type Green 1 1/9 bushel cartons large — Los Angeles",2026-09-21,17.5,$/package,,,,not enough history,2,-16.7,-9.3
terminal-los-angeles-tomatoes-vine-ripe-on-the-vine-5-kg-11-lb-flats-4-5-count-red-n,Tomatoes,Los Angeles,terminal,Tomatoes VINE RIPE - ON THE VINE Red 5 kg/11 lb flats 4-5 count — Los Angeles,2026-09-21,18.6,$/package,,,,not enough history,2,9.4,37.8
terminal-los-angeles-tomatoes-vine-ripes-cartons-2-layer-5x5s-light-red-red-n,Tomatoes,Los Angeles,terminal,Tomatoes VINE RIPES Light Red-red cartons 2 layer 5x5s — Los Angeles,2026-09-21,26.2,$/package,,,,not enough history,1,-3.9,69.0
terminal-los-angeles-tomatoes-plum-type-roma-25-lb-cartons-loose-extra-large-light-red-red-n,"Tomatoes, Plum Type",Los Angeles,terminal,"Tomatoes, Plum Type ROMA Light Red-red 25 lb cartons loose extra large — Los Angeles",2026-09-21,29.0,$/package,,,,not enough history,1,37.4,65.7
terminal-los-angeles-tomatoes-plum-type-roma-25-lb-cartons-loose-large-light-red-red-n,"Tomatoes, Plum Type",Los Angeles,terminal,"Tomatoes, Plum Type ROMA Light Red-red 25 lb cartons loose large — Los Angeles",2026-09-21,29.0,$/package,,,,not enough history,1,45.7,65.7
terminal-new-york-bananas-40-lb-cartons-bagged-yellow-n,Bananas,New York,terminal,Bananas Yellow 40 lb cartons bagged — New York,2026-09-21,22.0,$/package,,,,not enough history,2,4.8,4.8
terminal-new-york-broccoli-crown-cut-cartons-short-trim-n,Broccoli,New York,terminal,Broccoli CROWN CUT Short Trim cartons — New York,2026-09-21,33.5,$/package,,,,not enough history,2,52.3,28.8
terminal-new-york-tomatoes-vine-ripes-5-kg-11-lb-flats-large-light-red-red-on-the-vine-n,Tomatoes,New York,terminal,"Tomatoes VINE RIPES Light Red-red, On The Vine 5 kg/11 lb flats large — New York",2026-09-14,21.0,$/package,,,,not enough history,2,,40.0
terminal-new-york-tomatoes-vine-ripes-flats-20s-light-red-red-n,Tomatoes,New York,terminal,Tomatoes VINE RIPES Light Red-red flats 20s — New York,2026-09-21,17.8,$/package,,,,not enough history,2,36.9,18.7
terminal-new-york-tomatoes-plum-type-roma-25-lb-cartons-loose-extra-large-light-red-red-n,"Tomatoes, Plum Type",New York,terminal,"Tomatoes, Plum Type ROMA Light Red-red 25 lb cartons loose extra large — New York",2026-09-21,25.0,$/package,,,,not enough history,2,,37.4
