series_id,commodity,market,market_type,label,variety,pack_size,item_size,properties,organic,price_unit,compare_unit,coverage_last_year,first_date,last_date
retail-national-avocados-hass-each-no,Avocados,National,retail,Avocados HASS each — National,HASS,each,,,No,$/each,$/each,1.0,2016-01-08,2026-10-02
retail-national-avocados-hass-marked-large-each-no,Avocados,National,retail,Avocados Hass-Marked Large each — National,Hass-Marked Large,each,,,No,$/each,$/each,1.0,2023-08-18,2026-10-02
retail-national-bananas-per-lb-no,Bananas,National,retail,Bananas per lb — National,,per lb,,,No,$/per lb,$/per lb,1.0,2016-01-08,2026-10-02
retail-national-blueberries-1-pint-11-12-oz-cntr-w-lid-no,Blueberries,National,retail,Blueberries 1 pint (11-12 oz cntr w/ lid) — National,,1 pint (11-12 oz cntr w/ lid),,,No,$/1 pint (11-12 oz cntr w/ lid),$/1 pint (11-12 oz cntr w/ lid),1.0,2023-08-18,2026-10-02
retail-national-blueberries-9-8-oz-package-no,Blueberries,National,retail,Blueberries 9.8 oz package — National,,9.8 oz package,,,No,$/9.8 oz package,$/9.8 oz package,0.923,2025-08-15,2026-10-02
retail-national-broccoli-per-bunch-no,Broccoli,National,retail,Broccoli per bunch — National,,per bunch,,,No,$/per bunch,$/per bunch,0.962,2016-01-08,2026-10-02
retail-national-broccoli-crown-cut-per-lb-no,Broccoli,National,retail,Broccoli CROWN CUT per lb — National,CROWN CUT,per lb,,,No,$/per lb,$/per lb,1.0,2016-01-08,2026-10-02
retail-national-carrots-baby-peeled-1-lb-bag-no,Carrots,National,retail,Carrots BABY PEELED 1 lb bag — National,BABY PEELED,1 lb bag,,,No,$/1 lb bag,$/1 lb bag,1.0,2016-01-08,2026-10-02
retail-national-carrots-baby-peeled-2-lb-bag-no,Carrots,National,retail,Carrots BABY PEELED 2 lb bag — National,BABY PEELED,2 lb bag,,,No,$/2 lb bag,$/2 lb bag,0.981,2016-01-08,2026-10-02
retail-national-celery-each-no,Celery,National,retail,Celery each — National,,each,,,No,$/each,$/each,0.981,2016-01-08,2026-10-02
retail-national-celery-hearts-per-package-no,Celery,National,retail,Celery HEARTS per package — National,HEARTS,per package,,,No,$/per package,$/per package,0.865,2023-09-08,2026-10-02
retail-national-cucumbers-each-no,Cucumbers,National,retail,Cucumbers each — National,,each,,,No,$/each,$/each,1.0,2016-01-08,2026-10-02
retail-national-cucumbers-long-seedless-each-environment-greenhouse-no,Cucumbers,National,retail,Cucumbers LONG SEEDLESS environment=Greenhouse each — National,LONG SEEDLESS,each,,environment=Greenhouse,No,$/each,$/each,1.0,2016-01-08,2026-10-02
retail-national-grapes-red-seedless-per-lb-no,Grapes,National,retail,Grapes RED SEEDLESS per lb — National,RED SEEDLESS,per lb,,,No,$/per lb,$/per lb,1.0,2016-01-08,2026-10-02
retail-national-grapes-white-seedless-type-per-lb-no,Grapes,National,retail,Grapes WHITE SEEDLESS TYPE per lb — National,WHITE SEEDLESS TYPE,per lb,,,No,$/per lb,$/per lb,1.0,2016-01-08,2026-10-02
retail-national-lemons-2-lb-bag-no,Lemons,National,retail,Lemons 2 lb bag — National,,2 lb bag,,,No,$/2 lb bag,$/2 lb bag,1.0,2016-01-08,2026-10-02
retail-national-lemons-each-no,Lemons,National,retail,Lemons each — National,,each,,,No,$/each,$/each,1.0,2016-01-08,2026-10-02
retail-national-lettuce-iceberg-each-no,Lettuce,National,retail,Lettuce Iceberg each — National,Iceberg,each,,,No,$/each,$/each,0.904,2016-01-08,2026-10-02
retail-national-lettuce-romaine-hearts-3-count-no,Lettuce,National,retail,Lettuce Romaine (Hearts) 3 count — National,Romaine (Hearts),3 count,,,No,$/3 count,$/3 count,0.962,2016-01-08,2026-10-02
retail-national-limes-2-pound-bags-no,Limes,National,retail,Limes 2 pound bags — National,,2 pound bags,,,No,$/2 pound bags,$/2 pound bags,0.962,2025-08-15,2026-10-02
retail-national-limes-each-no,Limes,National,retail,Limes each — National,,each,,,No,$/each,$/each,1.0,2016-01-08,2026-10-02
retail-national-onions-dry-yellow-3-lb-bag-no,"Onions, Dry",National,retail,"Onions, Dry YELLOW 3 lb bag — National",YELLOW,3 lb bag,,,No,$/3 lb bag,$/3 lb bag,1.0,2016-01-08,2026-10-02
retail-national-onions-dry-yellow-marked-sweet-per-lb-no,"Onions, Dry",National,retail,"Onions, Dry YELLOW MARKED SWEET per lb — National",YELLOW MARKED SWEET,per lb,,,No,$/per lb,$/per lb,1.0,2016-01-08,2026-10-02
retail-national-peppers-bell-type-red-each-no,"Peppers, Bell Type",National,retail,"Peppers, Bell Type RED each — National",RED,each,,,No,$/each,$/each,1.0,2016-01-08,2026-10-02
retail-national-peppers-bell-type-yellow-each-no,"Peppers, Bell Type",National,retail,"Peppers, Bell Type YELLOW each — National",YELLOW,each,,,No,$/each,$/each,1.0,2016-01-08,2026-10-02
retail-national-potatoes-round-red-5-lb-bag-no,Potatoes,National,retail,Potatoes ROUND RED 5 lb bag — National,ROUND RED,5 lb bag,,,No,$/5 lb bag,$/5 lb bag,1.0,2016-01-08,2026-10-02
retail-national-potatoes-russet-5-lb-bag-no,Potatoes,National,retail,Potatoes RUSSET 5 lb bag — National,RUSSET,5 lb bag,,,No,$/5 lb bag,$/5 lb bag,1.0,2016-01-08,2026-10-02
retail-national-strawberries-1-lb-package-no,Strawberries,National,retail,Strawberries 1 lb package — National,,1 lb package,,,No,$/1 lb package,$/1 lb package,1.0,2016-01-08,2026-10-02
retail-national-strawberries-2-lb-package-no,Strawberries,National,retail,Strawberries 2 lb package — National,,2 lb package,,,No,$/2 lb package,$/2 lb package,0.846,2016-01-08,2026-10-02
retail-national-tomatoes-plum-type-roma-per-lb-no,Tomatoes,National,retail,Tomatoes Plum Type (Roma) per lb — National,Plum Type (Roma),per lb,,,No,$/per lb,$/per lb,0.981,2016-01-08,2026-10-02
retail-national-tomatoes-vine-ripes-on-the-vine-per-lb-environment-greenhouse-no,Tomatoes,National,retail,Tomatoes VINE RIPES - ON THE VINE environment=Greenhouse per lb — National,VINE RIPES - ON THE VINE,per lb,,environment=Greenhouse,No,$/per lb,$/per lb,1.0,2016-01-08,2026-10-02
shipping-point-central-and-southern-california-and-arizona-lemons-7-10-bushel-cartons-115s-n,Lemons,CENTRAL AND SOUTHERN CALIFORNIA AND ARIZONA,shipping point,Lemons 7/10 bushel cartons 115s — CENTRAL AND SOUTHERN CALIFORNIA AND ARIZONA,,7/10 bushel cartons,115s,,N,$/package,$/package,0.534,2016-01-04,2026-04-20
shipping-point-central-and-southern-california-and-arizona-lemons-7-10-bushel-cartons-140s-n,Lemons,CENTRAL AND SOUTHERN CALIFORNIA AND ARIZONA,shipping point,Lemons 7/10 bushel cartons 140s — CENTRAL AND SOUTHERN CALIFORNIA AND ARIZONA,,7/10 bushel cartons,140s,,N,$/package,$/package,0.534,2016-01-04,2026-04-20
shipping-point-columbia-basin-washington-and-umatilla-basin-oregon-onions-dry-yellow-50-lb-sacks-jumbo-hybrid-n,"Onions, Dry",COLUMBIA BASIN WASHINGTON AND UMATILLA BASIN OREGON,shipping point,"Onions, Dry YELLOW Hybrid 50 lb sacks jumbo — COLUMBIA BASIN WASHINGTON AND UMATILLA BASIN OREGON",YELLOW,50 lb sacks,jumbo,Hybrid,N,$/package,$/package,0.81,2024-05-09,2026-10-02
shipping-point-columbia-basin-washington-and-umatilla-basin-oregon-onions-dry-yellow-50-lb-sacks-medium-hybrid-n,"Onions, Dry",COLUMBIA BASIN WASHINGTON AND UMATILLA BASIN OREGON,shipping point,"Onions, Dry YELLOW Hybrid 50 lb sacks medium — COLUMBIA BASIN WASHINGTON AND UMATILLA BASIN OREGON",YELLOW,50 lb sacks,medium,Hybrid,N,$/package,$/package,0.81,2024-05-09,2026-10-02
shipping-point-columbia-basin-washington-and-umatilla-basin-oregon-potatoes-russet-50-lb-cartons-100s-norkotah-n,Potatoes,COLUMBIA BASIN WASHINGTON AND UMATILLA BASIN OREGON,shipping point,Potatoes RUSSET Norkotah 50 lb cartons 100s — COLUMBIA BASIN WASHINGTON AND UMATILLA BASIN OREGON,RUSSET,50 lb cartons,100s,Norkotah,N,$/package,$/package,1.0,2024-05-09,2026-10-02
shipping-point-columbia-basin-washington-and-umatilla-basin-oregon-potatoes-russet-50-lb-cartons-40s-norkotah-n,Potatoes,COLUMBIA BASIN WASHINGTON AND UMATILLA BASIN OREGON,shipping point,Potatoes RUSSET Norkotah 50 lb cartons 40s — COLUMBIA BASIN WASHINGTON AND UMATILLA BASIN OREGON,RUSSET,50 lb cartons,40s,Norkotah,N,$/package,$/package,1.0,2024-05-09,2026-10-02
shipping-point-kern-district-california-carrots-25-lb-sacks-loose-jumbo-n,Carrots,KERN DISTRICT CALIFORNIA,shipping point,Carrots 25 lb sacks loose jumbo — KERN DISTRICT CALIFORNIA,,25 lb sacks loose,jumbo,,N,$/package,$/package,1.0,2016-01-04,2026-10-02
shipping-point-kern-district-california-carrots-50-lb-sacks-loose-jumbo-n,Carrots,KERN DISTRICT CALIFORNIA,shipping point,Carrots 50 lb sacks loose jumbo — KERN DISTRICT CALIFORNIA,,50 lb sacks loose,jumbo,,N,$/package,$/package,1.0,2016-01-04,2026-10-02
shipping-point-mexico-crossings-through-arizona-california-and-texas-blueberries-flats-12-6-oz-cups-with-lids-n,Blueberries,"MEXICO CROSSINGS THROUGH ARIZONA, CALIFORNIA AND TEXAS",shipping point,"Blueberries flats 12 6-oz cups with lids — MEXICO CROSSINGS THROUGH ARIZONA, CALIFORNIA AND TEXAS",,flats 12 6-oz cups with lids,,,N,$/package,$/package,0.611,2016-01-04,2026-07-17
shipping-point-mexico-crossings-through-texas-avocados-hass-cartons-2-layer-32s-n,Avocados,MEXICO CROSSINGS THROUGH TEXAS,shipping point,Avocados HASS cartons 2 layer 32s — MEXICO CROSSINGS THROUGH TEXAS,HASS,cartons 2 layer,32s,,N,$/package,$/package,1.0,2016-01-04,2026-10-02
shipping-point-mexico-crossings-through-texas-avocados-hass-cartons-2-layer-36s-n,Avocados,MEXICO CROSSINGS THROUGH TEXAS,shipping point,Avocados HASS cartons 2 layer 36s — MEXICO CROSSINGS THROUGH TEXAS,HASS,cartons 2 layer,36s,,N,$/package,$/package,1.0,2016-01-04,2026-10-02
shipping-point-mexico-crossings-through-texas-cucumbers-1-1-9-bushel-cartons-large-n,Cucumbers,MEXICO CROSSINGS THROUGH TEXAS,shipping point,Cucumbers 1 1/9 bushel cartons large — MEXICO CROSSINGS THROUGH TEXAS,,1 1/9 bushel cartons,large,,N,$/package,$/package,1.0,2016-01-21,2026-10-02
shipping-point-mexico-crossings-through-texas-cucumbers-1-1-9-bushel-cartons-medium-n,Cucumbers,MEXICO CROSSINGS THROUGH TEXAS,shipping point,Cucumbers 1 1/9 bushel cartons medium — MEXICO CROSSINGS THROUGH TEXAS,,1 1/9 bushel cartons,medium,,N,$/package,$/package,1.0,2016-01-04,2026-10-02
shipping-point-mexico-crossings-through-texas-lettuce-iceberg-cartons-24s-film-wrapped-n,"Lettuce, Iceberg",MEXICO CROSSINGS THROUGH TEXAS,shipping point,"Lettuce, Iceberg cartons 24s film wrapped — MEXICO CROSSINGS THROUGH TEXAS",,cartons,24s film wrapped,,N,$/package,$/package,1.0,2023-06-12,2026-10-02
shipping-point-mexico-crossings-through-texas-limes-seedless-type-40-lb-cartons-200s-n,Limes,MEXICO CROSSINGS THROUGH TEXAS,shipping point,Limes SEEDLESS TYPE 40 lb cartons 200s — MEXICO CROSSINGS THROUGH TEXAS,SEEDLESS TYPE,40 lb cartons,200s,,N,$/package,$/package,1.0,2016-01-04,2026-10-02
shipping-point-mexico-crossings-through-texas-limes-seedless-type-40-lb-cartons-230s-n,Limes,MEXICO CROSSINGS THROUGH TEXAS,shipping point,Limes SEEDLESS TYPE 40 lb cartons 230s — MEXICO CROSSINGS THROUGH TEXAS,SEEDLESS TYPE,40 lb cartons,230s,,N,$/package,$/package,1.0,2016-01-04,2026-10-02
shipping-point-mexico-crossings-through-texas-peppers-bell-type-11-lb-cartons-extra-large-orange-n,"Peppers, Bell Type",MEXICO CROSSINGS THROUGH TEXAS,shipping point,"Peppers, Bell Type Orange 11 lb cartons extra large — MEXICO CROSSINGS THROUGH TEXAS",,11 lb cartons,extra large,Orange,N,$/package,$/package,1.0,2024-05-16,2026-10-02
shipping-point-mexico-crossings-through-texas-peppers-bell-type-11-lb-cartons-extra-large-yellow-n,"Peppers, Bell Type",MEXICO CROSSINGS THROUGH TEXAS,shipping point,"Peppers, Bell Type Yellow 11 lb cartons extra large — MEXICO CROSSINGS THROUGH TEXAS",,11 lb cartons,extra large,Yellow,N,$/package,$/package,1.0,2024-05-16,2026-10-02
shipping-point-mexico-crossings-through-texas-tomatoes-vine-ripes-cartons-2-layer-4x4s-n,Tomatoes,MEXICO CROSSINGS THROUGH TEXAS,shipping point,Tomatoes VINE RIPES cartons 2 layer 4x4s — MEXICO CROSSINGS THROUGH TEXAS,VINE RIPES,cartons 2 layer,4x4s,,N,$/package,$/package,0.968,2016-10-05,2026-09-24
shipping-point-mexico-crossings-through-texas-tomatoes-vine-ripes-cartons-2-layer-4x5s-n,Tomatoes,MEXICO CROSSINGS THROUGH TEXAS,shipping point,Tomatoes VINE RIPES cartons 2 layer 4x5s — MEXICO CROSSINGS THROUGH TEXAS,VINE RIPES,cartons 2 layer,4x5s,,N,$/package,$/package,0.968,2016-10-05,2026-09-24
shipping-point-mexico-crossings-through-texas-tomatoes-plum-type-roma-25-lb-cartons-loose-extra-large-n,"Tomatoes, Plum Type",MEXICO CROSSINGS THROUGH TEXAS,shipping point,"Tomatoes, Plum Type ROMA 25 lb cartons loose extra large — MEXICO CROSSINGS THROUGH TEXAS",ROMA,25 lb cartons loose,extra large,,N,$/package,$/package,1.0,2016-01-05,2026-10-02
shipping-point-mexico-crossings-through-texas-tomatoes-plum-type-roma-25-lb-cartons-loose-large-n,"Tomatoes, Plum Type",MEXICO CROSSINGS THROUGH TEXAS,shipping point,"Tomatoes, Plum Type ROMA 25 lb cartons loose large — MEXICO CROSSINGS THROUGH TEXAS",ROMA,25 lb cartons loose,large,,N,$/package,$/package,1.0,2016-01-05,2026-10-02
shipping-point-santa-maria-california-strawberries-flats-8-1-lb-containers-with-lids-medium-n,Strawberries,SANTA MARIA CALIFORNIA,shipping point,Strawberries flats 8 1-lb containers with lids medium — SANTA MARIA CALIFORNIA,,flats 8 1-lb containers with lids,medium,,N,$/package,$/package,1.0,2016-07-26,2026-10-02
shipping-point-santa-maria-california-strawberries-flats-8-1-lb-containers-with-lids-medium-y,Strawberries,SANTA MARIA CALIFORNIA,shipping point,Strawberries flats 8 1-lb containers with lids medium organic — SANTA MARIA CALIFORNIA,,flats 8 1-lb containers with lids,medium,,Y,$/package,$/package,0.968,2016-08-18,2026-10-02
shipping-point-south-and-central-district-california-broccoli-cartons-bunched-14s-y,Broccoli,SOUTH AND CENTRAL DISTRICT CALIFORNIA,shipping point,Broccoli cartons bunched 14s organic — SOUTH AND CENTRAL DISTRICT CALIFORNIA,,cartons,bunched 14s,,Y,$/package,$/package,1.0,2024-05-02,2026-10-02
shipping-point-south-and-central-district-california-broccoli-crown-cut-20-lb-cartons-loose-y,Broccoli,SOUTH AND CENTRAL DISTRICT CALIFORNIA,shipping point,Broccoli CROWN CUT 20 lb cartons loose organic — SOUTH AND CENTRAL DISTRICT CALIFORNIA,CROWN CUT,20 lb cartons loose,,,Y,$/package,$/package,1.0,2024-05-02,2026-10-02
shipping-point-south-and-central-district-california-celery-cartons-2-1-2-dozen-y,Celery,SOUTH AND CENTRAL DISTRICT CALIFORNIA,shipping point,Celery cartons 2 1/2 dozen organic — SOUTH AND CENTRAL DISTRICT CALIFORNIA,,cartons,2 1/2 dozen,,Y,$/package,$/package,1.0,2025-06-20,2026-10-02
shipping-point-south-and-central-district-california-celery-cartons-2-dozen-y,Celery,SOUTH AND CENTRAL DISTRICT CALIFORNIA,shipping point,Celery cartons 2 dozen organic — SOUTH AND CENTRAL DISTRICT CALIFORNIA,,cartons,2 dozen,,Y,$/package,$/package,1.0,2025-06-20,2026-10-02
shipping-point-south-and-central-district-california-lettuce-iceberg-cartons-12s-film-wrapped-y,"Lettuce, Iceberg",SOUTH AND CENTRAL DISTRICT CALIFORNIA,shipping point,"Lettuce, Iceberg cartons 12s film wrapped organic — SOUTH AND CENTRAL DISTRICT CALIFORNIA",,cartons,12s film wrapped,,Y,$/package,$/package,0.964,2024-05-02,2026-10-02
shipping-point-south-and-central-district-california-lettuce-romaine-cartons-24s-y,"Lettuce, Romaine",SOUTH AND CENTRAL DISTRICT CALIFORNIA,shipping point,"Lettuce, Romaine cartons 24s organic — SOUTH AND CENTRAL DISTRICT CALIFORNIA",,cartons,24s,,Y,$/package,$/package,0.923,2024-05-02,2026-10-02
shipping-point-south-and-central-district-california-lettuce-romaine-hearts-cartons-12-3-count-packages-y,"Lettuce, Romaine",SOUTH AND CENTRAL DISTRICT CALIFORNIA,shipping point,"Lettuce, Romaine HEARTS cartons 12 3-count packages organic — SOUTH AND CENTRAL DISTRICT CALIFORNIA",HEARTS,cartons 12 3-count packages,,,Y,$/package,$/package,0.955,2024-05-02,2026-10-02
terminal-chicago-avocados-hass-cartons-2-layer-36s-n,Avocados,Chicago,terminal,Avocados HASS cartons 2 layer 36s — Chicago,HASS,cartons 2 layer,36s,,N,$/package,$/package,1.0,2016-01-04,2026-10-02
terminal-chicago-avocados-hass-cartons-2-layer-60s-n,Avocados,Chicago,terminal,Avocados HASS cartons 2 layer 60s — Chicago,HASS,cartons 2 layer,60s,,N,$/package,$/package,1.0,2016-01-04,2026-10-02
terminal-chicago-bananas-40-lb-cartons-n,Bananas,Chicago,terminal,Bananas 40 lb cartons — Chicago,,40 lb cartons,,,N,$/package,$/package,1.0,2016-01-04,2026-10-02
terminal-chicago-bananas-40-lb-cartons-y,Bananas,Chicago,terminal,Bananas 40 lb cartons organic — Chicago,,40 lb cartons,,,Y,$/package,$/package,1.0,2016-01-04,2026-10-02
terminal-chicago-blueberries-flats-12-1-pint-cups-with-lids-large-n,Blueberries,Chicago,terminal,Blueberries flats 12 1-pint cups with lids large — Chicago,,flats 12 1-pint cups with lids,large,,N,$/package,$/package,0.789,2016-01-04,2026-10-02
terminal-chicago-blueberries-flats-12-1-pint-cups-with-lids-large-y,Blueberries,Chicago,terminal,Blueberries flats 12 1-pint cups with lids large organic — Chicago,,flats 12 1-pint cups with lids,large,,Y,$/package,$/package,0.656,2018-08-07,2026-09-15
terminal-chicago-broccoli-cartons-bunched-14s-y,Broccoli,Chicago,terminal,Broccoli cartons bunched 14s organic — Chicago,,cartons,bunched 14s,,Y,$/package,$/package,1.0,2016-01-04,2026-10-02
terminal-chicago-broccoli-baby-hybrid-type-cartons-bunched-18s-y,Broccoli,Chicago,terminal,Broccoli BABY HYBRID TYPE cartons bunched 18s organic — Chicago,BABY HYBRID TYPE,cartons,bunched 18s,,Y,$/package,$/package,1.0,2016-01-22,2026-10-02
terminal-chicago-carrots-50-lb-sacks-loose-jumbo-n,Carrots,Chicago,terminal,Carrots 50 lb sacks loose jumbo — Chicago,,50 lb sacks loose,jumbo,,N,$/package,$/package,1.0,2016-01-04,2026-10-02
terminal-chicago-carrots-sacks-10-5-lb-film-bags-medium-large-n,Carrots,Chicago,terminal,Carrots sacks 10 5-lb film bags medium-large — Chicago,,sacks 10 5-lb film bags,medium-large,,N,$/package,$/package,1.0,2016-01-04,2026-10-02
terminal-chicago-celery-cartons-2-1-2-dozen-n,Celery,Chicago,terminal,Celery cartons 2 1/2 dozen — Chicago,,cartons,2 1/2 dozen,,N,$/package,$/package,0.968,2016-01-04,2026-10-02
terminal-chicago-celery-cartons-film-bags-30s-n,Celery,Chicago,terminal,Celery cartons film bags 30s — Chicago,,cartons,film bags 30s,,N,$/package,$/package,1.0,2016-01-04,2026-10-02
terminal-chicago-cucumbers-cartons-24s-y,Cucumbers,Chicago,terminal,Cucumbers cartons 24s organic — Chicago,,cartons,24s,,Y,$/package,$/package,1.0,2018-08-27,2026-10-02
terminal-chicago-cucumbers-persian-20-lb-cartons-small-medium-n,Cucumbers,Chicago,terminal,Cucumbers PERSIAN 20 lb cartons small-medium — Chicago,PERSIAN,20 lb cartons,small-medium,,N,$/package,$/package,0.98,2016-01-04,2026-10-02
terminal-chicago-grapes-red-seedless-18-lb-containers-bagged-jumbo-n,Grapes,Chicago,terminal,Grapes RED SEEDLESS 18 lb containers bagged jumbo — Chicago,RED SEEDLESS,18 lb containers bagged,jumbo,,N,$/package,$/package,0.563,2019-02-07,2026-07-10
terminal-chicago-grapes-white-seedless-type-18-lb-containers-bagged-jumbo-n,Grapes,Chicago,terminal,Grapes WHITE SEEDLESS TYPE 18 lb containers bagged jumbo — Chicago,WHITE SEEDLESS TYPE,18 lb containers bagged,jumbo,,N,$/package,$/package,0.623,2018-05-15,2026-07-10
terminal-chicago-lemons-7-10-bushel-cartons-115s-n,Lemons,Chicago,terminal,Lemons 7/10 bushel cartons 115s — Chicago,,7/10 bushel cartons,115s,,N,$/package,$/package,0.923,2016-01-04,2026-10-02
terminal-chicago-lemons-7-10-bushel-cartons-95s-n,Lemons,Chicago,terminal,Lemons 7/10 bushel cartons 95s — Chicago,,7/10 bushel cartons,95s,,N,$/package,$/package,0.923,2016-01-04,2026-10-02
terminal-chicago-lettuce-iceberg-cartons-12s-film-wrapped-y,"Lettuce, Iceberg",Chicago,terminal,"Lettuce, Iceberg cartons 12s film wrapped organic — Chicago",,cartons,12s film wrapped,,Y,$/package,$/package,1.0,2016-01-12,2026-10-02
terminal-chicago-lettuce-iceberg-cartons-24s-film-wrapped-n,"Lettuce, Iceberg",Chicago,terminal,"Lettuce, Iceberg cartons 24s film wrapped — Chicago",,cartons,24s film wrapped,,N,$/package,$/package,0.984,2016-01-04,2026-10-02
terminal-chicago-lettuce-romaine-cartons-24s-n,"Lettuce, Romaine",Chicago,terminal,"Lettuce, Romaine cartons 24s — Chicago",,cartons,24s,,N,$/package,$/package,1.0,2016-01-04,2026-10-02
terminal-chicago-lettuce-romaine-hearts-cartons-12-3-count-packages-n,"Lettuce, Romaine",Chicago,terminal,"Lettuce, Romaine HEARTS cartons 12 3-count packages — Chicago",HEARTS,cartons 12 3-count packages,,,N,$/package,$/package,1.0,2016-01-04,2026-10-02
terminal-chicago-limes-seedless-type-40-lb-cartons-175s-n,Limes,Chicago,terminal,Limes SEEDLESS TYPE 40 lb cartons 175s — Chicago,SEEDLESS TYPE,40 lb cartons,175s,,N,$/package,$/package,1.0,2016-01-04,2026-10-02
terminal-chicago-limes-seedless-type-40-lb-cartons-200s-n,Limes,Chicago,terminal,Limes SEEDLESS TYPE 40 lb cartons 200s — Chicago,SEEDLESS TYPE,40 lb cartons,200s,,N,$/package,$/package,1.0,2016-01-04,2026-10-02
terminal-chicago-onions-dry-red-25-lb-sacks-jumbo-globe-type-n,"Onions, Dry",Chicago,terminal,"Onions, Dry RED GLOBE TYPE 25 lb sacks jumbo — Chicago",RED,25 lb sacks,jumbo,GLOBE TYPE,N,$/package,$/package,1.0,2016-01-04,2026-10-02
terminal-chicago-onions-dry-white-50-lb-sacks-jumbo-n,"Onions, Dry",Chicago,terminal,"Onions, Dry WHITE 50 lb sacks jumbo — Chicago",WHITE,50 lb sacks,jumbo,,N,$/package,$/package,1.0,2016-01-04,2026-10-02
terminal-chicago-peppers-bell-type-1-1-9-bushel-cartons-jumbo-green-n,"Peppers, Bell Type",Chicago,terminal,"Peppers, Bell Type Green 1 1/9 bushel cartons jumbo — Chicago",,1 1/9 bushel cartons,jumbo,Green,N,$/package,$/package,0.984,2024-04-23,2026-10-02
terminal-chicago-peppers-bell-type-5-kg-11-lb-cartons-extra-large-orange-n,"Peppers, Bell Type",Chicago,terminal,"Peppers, Bell Type Orange 5 kg/11 lb cartons extra large — Chicago",,5 kg/11 lb cartons,extra large,Orange,N,$/package,$/package,0.943,2021-01-04,2026-10-02
terminal-chicago-potatoes-round-red-50-lb-cartons-size-a-n,Potatoes,Chicago,terminal,Potatoes ROUND RED 50 lb cartons size A — Chicago,ROUND RED,50 lb cartons,size A,,N,$/package,$/package,1.0,2016-01-04,2026-10-02
terminal-chicago-potatoes-yellow-type-50-lb-cartons-size-a-y,Potatoes,Chicago,terminal,Potatoes YELLOW TYPE 50 lb cartons size A organic — Chicago,YELLOW TYPE,50 lb cartons,size A,,Y,$/package,$/package,1.0,2019-02-21,2026-10-02
terminal-chicago-strawberries-flats-8-1-lb-containers-with-lids-medium-n,Strawberries,Chicago,terminal,Strawberries flats 8 1-lb containers with lids medium — Chicago,,flats 8 1-lb containers with lids,medium,,N,$/package,$/package,0.939,2016-08-08,2026-10-02
terminal-chicago-strawberries-flats-8-1-lb-containers-with-lids-medium-y,Strawberries,Chicago,terminal,Strawberries flats 8 1-lb containers with lids medium organic — Chicago,,flats 8 1-lb containers with lids,medium,,Y,$/package,$/package,0.559,2016-08-23,2026-10-02
terminal-chicago-tomatoes-vine-ripes-5-kg-11-lb-flats-medium-large-light-red-red-on-the-vine-n,Tomatoes,Chicago,terminal,"Tomatoes VINE RIPES Light Red-red, On The Vine 5 kg/11 lb flats medium-large — Chicago",VINE RIPES,5 kg/11 lb flats,medium-large,"Light Red-red, On The Vine",N,$/package,$/package,0.976,2024-04-23,2026-10-02
terminal-chicago-tomatoes-vine-ripes-cartons-2-layer-4x5s-light-red-red-n,Tomatoes,Chicago,terminal,Tomatoes VINE RIPES Light Red-red cartons 2 layer 4x5s — Chicago,VINE RIPES,cartons 2 layer,4x5s,Light Red-red,N,$/package,$/package,0.98,2024-04-23,2026-10-02
terminal-chicago-tomatoes-plum-type-roma-25-lb-cartons-loose-xxlge-light-red-red-n,"Tomatoes, Plum Type",Chicago,terminal,"Tomatoes, Plum Type ROMA Light Red-red 25 lb cartons loose XXLGE — Chicago",ROMA,25 lb cartons loose,XXLGE,Light Red-red,N,$/package,$/package,0.972,2024-04-23,2026-10-02
terminal-chicago-tomatoes-plum-type-roma-25-lb-cartons-loose-extra-large-light-red-red-n,"Tomatoes, Plum Type",Chicago,terminal,"Tomatoes, Plum Type ROMA Light Red-red 25 lb cartons loose extra large — Chicago",ROMA,25 lb cartons loose,extra large,Light Red-red,N,$/package,$/package,1.0,2024-04-23,2026-10-02
terminal-los-angeles-avocados-hass-cartons-2-layer-48s-n,Avocados,Los Angeles,terminal,Avocados HASS cartons 2 layer 48s — Los Angeles,HASS,cartons 2 layer,48s,,N,$/package,$/package,0.964,2016-01-04,2026-10-02
terminal-los-angeles-avocados-hass-cartons-2-layer-60s-n,Avocados,Los Angeles,terminal,Avocados HASS cartons 2 layer 60s — Los Angeles,HASS,cartons 2 layer,60s,,N,$/package,$/package,0.964,2016-01-04,2026-10-02
terminal-los-angeles-bananas-40-lb-cartons-containerized-n,Bananas,Los Angeles,terminal,Bananas 40 lb cartons containerized — Los Angeles,,40 lb cartons containerized,,,N,$/package,$/package,0.51,2025-11-26,2026-06-03
terminal-los-angeles-bananas-baby-15-lb-cartons-n,Bananas,Los Angeles,terminal,Bananas BABY 15 lb cartons — Los Angeles,BABY,15 lb cartons,,,N,$/package,$/package,0.951,2016-01-04,2026-10-02
terminal-los-angeles-blueberries-flats-12-6-oz-cups-with-lids-medium-large-n,Blueberries,Los Angeles,terminal,Blueberries flats 12 6-oz cups with lids medium-large — Los Angeles,,flats 12 6-oz cups with lids,medium-large,,N,$/package,$/package,0.619,2016-01-04,2026-09-25
terminal-los-angeles-broccoli-baby-hybrid-type-cartons-bunched-18s-n,Broccoli,Los Angeles,terminal,Broccoli BABY HYBRID TYPE cartons bunched 18s — Los Angeles,BABY HYBRID TYPE,cartons,bunched 18s,,N,$/package,$/package,0.984,2016-11-07,2026-10-02
terminal-los-angeles-broccoli-crown-cut-20-lb-cartons-loose-n,Broccoli,Los Angeles,terminal,Broccoli CROWN CUT 20 lb cartons loose — Los Angeles,CROWN CUT,20 lb cartons loose,,,N,$/package,$/package,0.996,2016-01-04,2026-10-02
terminal-los-angeles-carrots-25-lb-sacks-loose-jumbo-n,Carrots,Los Angeles,terminal,Carrots 25 lb sacks loose jumbo — Los Angeles,,25 lb sacks loose,jumbo,,N,$/package,$/package,0.996,2016-01-04,2026-10-02
terminal-los-angeles-carrots-sacks-10-5-lb-film-bags-n,Carrots,Los Angeles,terminal,Carrots sacks 10 5-lb film bags — Los Angeles,,sacks 10 5-lb film bags,,,N,$/package,$/package,0.996,2025-08-06,2026-10-02
terminal-los-angeles-celery-cartons-2-1-2-dozen-n,Celery,Los Angeles,terminal,Celery cartons 2 1/2 dozen — Los Angeles,,cartons,2 1/2 dozen,,N,$/package,$/package,0.996,2016-01-04,2026-10-02
terminal-los-angeles-celery-cartons-2-dozen-n,Celery,Los Angeles,terminal,Celery cartons 2 dozen — Los Angeles,,cartons,2 dozen,,N,$/package,$/package,0.996,2016-01-04,2026-10-02
terminal-los-angeles-cucumbers-1-1-9-bushel-cartons-large-n,Cucumbers,Los Angeles,terminal,Cucumbers 1 1/9 bushel cartons large — Los Angeles,,1 1/9 bushel cartons,large,,N,$/package,$/package,0.996,2016-01-04,2026-10-02
terminal-los-angeles-cucumbers-persian-22-lb-cartons-small-n,Cucumbers,Los Angeles,terminal,Cucumbers PERSIAN 22 lb cartons small — Los Angeles,PERSIAN,22 lb cartons,small,,N,$/package,$/package,0.996,2016-01-04,2026-10-02
terminal-los-angeles-lemons-7-10-bushel-cartons-115s-n,Lemons,Los Angeles,terminal,Lemons 7/10 bushel cartons 115s — Los Angeles,,7/10 bushel cartons,115s,,N,$/package,$/package,0.964,2016-01-04,2026-10-02
terminal-los-angeles-lemons-7-10-bushel-cartons-140s-n,Lemons,Los Angeles,terminal,Lemons 7/10 bushel cartons 140s — Los Angeles,,7/10 bushel cartons,140s,,N,$/package,$/package,0.964,2016-01-04,2026-10-02
terminal-los-angeles-lettuce-iceberg-cartons-film-lined-24s-n,"Lettuce, Iceberg",Los Angeles,terminal,"Lettuce, Iceberg cartons film lined 24s — Los Angeles",,cartons,film lined 24s,,N,$/package,$/package,0.992,2021-01-04,2026-10-02
terminal-los-angeles-lettuce-romaine-cartons-film-lined-24s-n,"Lettuce, Romaine",Los Angeles,terminal,"Lettuce, Romaine cartons film lined 24s — Los Angeles",,cartons film lined,24s,,N,$/package,$/package,0.996,2016-01-04,2026-10-02
terminal-los-angeles-lettuce-romaine-hearts-cartons-film-lined-48s-n,"Lettuce, Romaine",Los Angeles,terminal,"Lettuce, Romaine HEARTS cartons film lined 48s — Los Angeles",HEARTS,cartons film lined,48s,,N,$/package,$/package,0.927,2016-02-01,2026-10-02
terminal-los-angeles-limes-seedless-type-40-lb-cartons-200s-n,Limes,Los Angeles,terminal,Limes SEEDLESS TYPE 40 lb cartons 200s — Los Angeles,SEEDLESS TYPE,40 lb cartons,200s,,N,$/package,$/package,0.964,2023-09-01,2026-10-02
terminal-los-angeles-limes-seedless-type-40-lb-cartons-230s-n,Limes,Los Angeles,terminal,Limes SEEDLESS TYPE 40 lb cartons 230s — Los Angeles,SEEDLESS TYPE,40 lb cartons,230s,,N,$/package,$/package,0.964,2023-09-01,2026-10-02
terminal-los-angeles-onions-dry-red-25-lb-sacks-jumbo-globe-type-n,"Onions, Dry",Los Angeles,terminal,"Onions, Dry RED GLOBE TYPE 25 lb sacks jumbo — Los Angeles",RED,25 lb sacks,jumbo,GLOBE TYPE,N,$/package,$/package,0.996,2016-01-04,2026-10-02
terminal-los-angeles-onions-dry-white-50-lb-sacks-medium-n,"Onions, Dry",Los Angeles,terminal,"Onions, Dry WHITE 50 lb sacks medium — Los Angeles",WHITE,50 lb sacks,medium,,N,$/package,$/package,0.996,2016-01-04,2026-10-02
terminal-los-angeles-peppers-bell-type-1-1-9-bushel-cartons-extra-large-green-n,"Peppers, Bell Type",Los Angeles,terminal,"Peppers, Bell Type Green 1 1/9 bushel cartons extra large — Los Angeles",,1 1/9 bushel cartons,extra large,Green,N,$/package,$/package,0.996,2024-04-23,2026-10-02
terminal-los-angeles-peppers-bell-type-1-1-9-bushel-cartons-large-green-n,"Peppers, Bell Type",Los Angeles,terminal,"Peppers, Bell Type Green 1 1/9 bushel cartons large — Los Angeles",,1 1/9 bushel cartons,large,Green,N,$/package,$/package,0.951,2024-04-23,2026-10-02
terminal-los-angeles-potatoes-long-white-50-lb-cartons-size-a-n,Potatoes,Los Angeles,terminal,Potatoes LONG WHITE 50 lb cartons size A — Los Angeles,LONG WHITE,50 lb cartons,size A,,N,$/package,$/package,0.996,2016-01-04,2026-10-02
terminal-los-angeles-potatoes-long-white-50-lb-cartons-size-b-n,Potatoes,Los Angeles,terminal,Potatoes LONG WHITE 50 lb cartons size B — Los Angeles,LONG WHITE,50 lb cartons,size B,,N,$/package,$/package,0.996,2016-01-04,2026-10-02
terminal-los-angeles-strawberries-flats-8-1-lb-containers-with-lids-medium-n,Strawberries,Los Angeles,terminal,Strawberries flats 8 1-lb containers with lids medium — Los Angeles,,flats 8 1-lb containers with lids,medium,,N,$/package,$/package,0.579,2016-01-04,2026-06-05
terminal-los-angeles-strawberries-flats-8-1-lb-containers-with-lids-medium-large-n,Strawberries,Los Angeles,terminal,Strawberries flats 8 1-lb containers with lids medium-large — Los Angeles,,flats 8 1-lb containers with lids,medium-large,,N,$/package,$/package,0.559,2016-01-04,2026-10-02
terminal-los-angeles-tomatoes-vine-ripe-on-the-vine-5-kg-11-lb-flats-4-5-count-red-n,Tomatoes,Los Angeles,terminal,Tomatoes VINE RIPE - ON THE VINE Red 5 kg/11 lb flats 4-5 count — Los Angeles,VINE RIPE - ON THE VINE,5 kg/11 lb flats,4-5 count,Red,N,$/package,$/package,0.996,2024-04-23,2026-10-02
terminal-los-angeles-tomatoes-vine-ripes-cartons-2-layer-5x5s-light-red-red-n,Tomatoes,Los Angeles,terminal,Tomatoes VINE RIPES Light Red-red cartons 2 layer 5x5s — Los Angeles,VINE RIPES,cartons 2 layer,5x5s,Light Red-red,N,$/package,$/package,0.988,2024-12-27,2026-10-02
terminal-los-angeles-tomatoes-plum-type-roma-25-lb-cartons-loose-extra-large-light-red-red-n,"Tomatoes, Plum Type",Los Angeles,terminal,"Tomatoes, Plum Type ROMA Light Red-red 25 lb cartons loose extra large — Los Angeles",ROMA,25 lb cartons loose,extra large,Light Red-red,N,$/package,$/package,0.996,2024-12-27,2026-10-02
terminal-los-angeles-tomatoes-plum-type-roma-25-lb-cartons-loose-large-light-red-red-n,"Tomatoes, Plum Type",Los Angeles,terminal,"Tomatoes, Plum Type ROMA Light Red-red 25 lb cartons loose large — Los Angeles",ROMA,25 lb cartons loose,large,Light Red-red,N,$/package,$/package,0.996,2024-12-27,2026-10-02
terminal-new-york-avocados-hass-cartons-2-layer-48s-n,Avocados,New York,terminal,Avocados HASS cartons 2 layer 48s — New York,HASS,cartons 2 layer,48s,,N,$/package,$/package,0.907,2016-01-04,2026-10-02
terminal-new-york-avocados-hass-cartons-2-layer-60s-n,Avocados,New York,terminal,Avocados HASS cartons 2 layer 60s — New York,HASS,cartons 2 layer,60s,,N,$/package,$/package,0.883,2016-07-01,2026-10-02
terminal-new-york-bananas-40-lb-cartons-bagged-yellow-n,Bananas,New York,terminal,Bananas Yellow 40 lb cartons bagged — New York,,40 lb cartons bagged,,Yellow,N,$/package,$/package,0.976,2023-06-27,2026-10-02
terminal-new-york-bananas-burro-20-lb-cartons-n,Bananas,New York,terminal,Bananas BURRO 20 lb cartons — New York,BURRO,20 lb cartons,,,N,$/package,$/package,0.976,2016-01-04,2026-10-02
terminal-new-york-blueberries-flats-12-1-pint-cups-with-lids-large-n,Blueberries,New York,terminal,Blueberries flats 12 1-pint cups with lids large — New York,,flats 12 1-pint cups with lids,large,,N,$/package,$/package,0.935,2016-01-06,2026-10-02
terminal-new-york-broccoli-cartons-bunched-14s-n,Broccoli,New York,terminal,Broccoli cartons bunched 14s — New York,,cartons,bunched 14s,,N,$/package,$/package,0.761,2016-01-04,2026-10-02
terminal-new-york-broccoli-crown-cut-cartons-short-trim-n,Broccoli,New York,terminal,Broccoli CROWN CUT Short Trim cartons — New York,CROWN CUT,cartons,,Short Trim,N,$/package,$/package,0.935,2024-04-23,2026-10-02
terminal-new-york-carrots-baby-peeled-cartons-30-1-lb-film-bags-n,Carrots,New York,terminal,Carrots BABY PEELED cartons 30 1-lb film bags — New York,BABY PEELED,cartons 30 1-lb film bags,,,N,$/package,$/package,0.939,2019-01-18,2026-10-02
terminal-new-york-carrots-topped-50-lb-sacks-loose-jumbo-n,Carrots,New York,terminal,Carrots TOPPED 50 lb sacks loose jumbo — New York,TOPPED,50 lb sacks loose,jumbo,,N,$/package,$/package,0.984,2016-01-04,2026-10-02
terminal-new-york-celery-cartons-2-dozen-n,Celery,New York,terminal,Celery cartons 2 dozen — New York,,cartons,2 dozen,,N,$/package,$/package,0.794,2016-01-04,2026-10-02
terminal-new-york-celery-cartons-film-bags-30s-n,Celery,New York,terminal,Celery cartons film bags 30s — New York,,cartons,film bags 30s,,N,$/package,$/package,0.891,2016-01-04,2026-10-02
terminal-new-york-cucumbers-1-1-9-bushel-cartons-large-n,Cucumbers,New York,terminal,Cucumbers 1 1/9 bushel cartons large — New York,,1 1/9 bushel cartons,large,,N,$/package,$/package,0.733,2016-01-15,2026-10-02
terminal-new-york-cucumbers-long-seedless-cartons-film-wrapped-12s-medium-n,Cucumbers,New York,terminal,Cucumbers LONG SEEDLESS cartons film wrapped 12s medium — New York,LONG SEEDLESS,cartons film wrapped,12s medium,,N,$/package,$/package,0.83,2016-03-04,2026-08-10
terminal-new-york-grapes-black-seedless-18-lb-containers-bagged-extra-large-n,Grapes,New York,terminal,Grapes BLACK SEEDLESS 18 lb containers bagged extra large — New York,BLACK SEEDLESS,18 lb containers bagged,extra large,,N,$/package,$/package,0.518,2016-05-11,2026-06-09
terminal-new-york-grapes-white-seedless-type-18-lb-containers-bagged-extra-large-n,Grapes,New York,terminal,Grapes WHITE SEEDLESS TYPE 18 lb containers bagged extra large — New York,WHITE SEEDLESS TYPE,18 lb containers bagged,extra large,,N,$/package,$/package,0.599,2017-12-20,2026-08-07
terminal-new-york-lemons-7-10-bushel-cartons-140s-n,Lemons,New York,terminal,Lemons 7/10 bushel cartons 140s — New York,,7/10 bushel cartons,140s,,N,$/package,$/package,0.802,2016-01-04,2026-10-02
terminal-new-york-lemons-7-10-bushel-cartons-165s-n,Lemons,New York,terminal,Lemons 7/10 bushel cartons 165s — New York,,7/10 bushel cartons,165s,,N,$/package,$/package,0.794,2016-01-04,2026-10-02
terminal-new-york-lettuce-iceberg-cartons-24s-film-wrapped-n,"Lettuce, Iceberg",New York,terminal,"Lettuce, Iceberg cartons 24s film wrapped — New York",,cartons,24s film wrapped,,N,$/package,$/package,0.891,2016-01-04,2026-10-02
terminal-new-york-lettuce-romaine-cartons-24s-n,"Lettuce, Romaine",New York,terminal,"Lettuce, Romaine cartons 24s — New York",,cartons,24s,,N,$/package,$/package,0.907,2016-01-04,2026-10-02
terminal-new-york-lettuce-romaine-hearts-cartons-12-3-count-packages-n,"Lettuce, Romaine",New York,terminal,"Lettuce, Romaine HEARTS cartons 12 3-count packages — New York",HEARTS,cartons 12 3-count packages,,,N,$/package,$/package,0.87,2018-01-18,2026-10-02
terminal-new-york-limes-seedless-type-40-lb-cartons-175s-n,Limes,New York,terminal,Limes SEEDLESS TYPE 40 lb cartons 175s — New York,SEEDLESS TYPE,40 lb cartons,175s,,N,$/package,$/package,0.976,2016-01-04,2026-10-02
terminal-new-york-limes-seedless-type-40-lb-cartons-200s-n,Limes,New York,terminal,Limes SEEDLESS TYPE 40 lb cartons 200s — New York,SEEDLESS TYPE,40 lb cartons,200s,,N,$/package,$/package,0.964,2016-01-04,2026-10-02
terminal-new-york-onions-dry-pearl-type-cartons-12-10-oz-packages-small-red-n,"Onions, Dry",New York,terminal,"Onions, Dry PEARL TYPE RED cartons 12 10-oz packages small — New York",PEARL TYPE,cartons 12 10-oz packages,small,RED,N,$/package,$/package,0.984,2016-01-04,2026-10-02
terminal-new-york-onions-dry-pearl-type-cartons-12-10-oz-packages-small-yellow-n,"Onions, Dry",New York,terminal,"Onions, Dry PEARL TYPE YELLOW cartons 12 10-oz packages small — New York",PEARL TYPE,cartons 12 10-oz packages,small,YELLOW,N,$/package,$/package,0.984,2016-01-04,2026-10-02
terminal-new-york-peppers-bell-type-5-kg-11-lb-cartons-extra-large-orange-n,"Peppers, Bell Type",New York,terminal,"Peppers, Bell Type Orange 5 kg/11 lb cartons extra large — New York",,5 kg/11 lb cartons,extra large,Orange,N,$/package,$/package,0.802,2021-01-04,2026-10-02
terminal-new-york-peppers-bell-type-5-kg-11-lb-cartons-extra-large-yellow-n,"Peppers, Bell Type",New York,terminal,"Peppers, Bell Type Yellow 5 kg/11 lb cartons extra large — New York",,5 kg/11 lb cartons,extra large,Yellow,N,$/package,$/package,0.947,2021-01-04,2026-10-02
terminal-new-york-potatoes-round-red-50-lb-cartons-creamers-3-4-1-5-8-n,Potatoes,New York,terminal,"Potatoes ROUND RED 50 lb cartons Creamers 3/4-1 5/8"" — New York",ROUND RED,50 lb cartons,"Creamers 3/4-1 5/8""",,N,$/package,$/package,0.968,2016-01-04,2026-10-02
terminal-new-york-potatoes-round-red-50-lb-cartons-size-a-n,Potatoes,New York,terminal,Potatoes ROUND RED 50 lb cartons size A — New York,ROUND RED,50 lb cartons,size A,,N,$/package,$/package,0.976,2016-01-04,2026-10-02
terminal-new-york-strawberries-flats-8-1-lb-containers-with-lids-extra-large-n,Strawberries,New York,terminal,Strawberries flats 8 1-lb containers with lids extra large — New York,,flats 8 1-lb containers with lids,extra large,,N,$/package,$/package,0.899,2016-02-02,2026-10-01
terminal-new-york-tomatoes-vine-ripes-flats-18s-light-red-red-n,Tomatoes,New York,terminal,Tomatoes VINE RIPES Light Red-red flats 18s — New York,VINE RIPES,flats,18s,Light Red-red,N,$/package,$/package,0.753,2024-04-23,2026-10-02
terminal-new-york-tomatoes-vine-ripes-flats-20s-light-red-red-n,Tomatoes,New York,terminal,Tomatoes VINE RIPES Light Red-red flats 20s — New York,VINE RIPES,flats,20s,Light Red-red,N,$/package,$/package,0.854,2024-04-23,2026-10-02
terminal-new-york-tomatoes-plum-type-roma-25-lb-cartons-loose-extra-large-light-red-red-n,"Tomatoes, Plum Type",New York,terminal,"Tomatoes, Plum Type ROMA Light Red-red 25 lb cartons loose extra large — New York",ROMA,25 lb cartons loose,extra large,Light Red-red,N,$/package,$/package,0.587,2024-05-15,2026-10-02
wholesale-central-chicken-all-items-fresh-domestic-all-sizes,Chicken,Central,wholesale,Chicken All Items Fresh Domestic All Sizes — Central,All Items,Fresh Domestic,All Sizes,,,cents/lb,cents/lb,1.0,2022-08-29,2026-09-28
wholesale-central-chicken-wog-fresh-domestic-all-sizes,Chicken,Central,wholesale,Chicken WOG Fresh Domestic All Sizes — Central,WOG,Fresh Domestic,All Sizes,,,cents/lb,cents/lb,1.0,2022-08-29,2026-09-28
wholesale-eastern-chicken-all-items-fresh-domestic-all-sizes,Chicken,Eastern,wholesale,Chicken All Items Fresh Domestic All Sizes — Eastern,All Items,Fresh Domestic,All Sizes,,,cents/lb,cents/lb,1.0,2022-08-29,2026-09-28
wholesale-national-beef-brisket-deckle-off-bnls-120-1-choice-cuts-choice,Beef,National,wholesale,"Beef Brisket, deckle-off, bnls (120  1) Choice Choice Cuts — National","Brisket, deckle-off, bnls (120  1)",Choice Cuts,,Choice,,$/cwt,$/cwt,1.0,2016-01-04,2026-10-02
wholesale-national-beef-chuck-roll-lxl-neck-off-116a-3-choice-cuts-choice,Beef,National,wholesale,"Beef Chuck, roll, lxl, neck/off (116A  3) Choice Choice Cuts — National","Chuck, roll, lxl, neck/off (116A  3)",Choice Cuts,,Choice,,$/cwt,$/cwt,1.0,2016-01-04,2026-10-02
wholesale-national-beef-chuck-shoulder-clod-trmd-114a-3-choice-cuts-choice,Beef,National,wholesale,"Beef Chuck, shoulder clod, trmd (114A  3) Choice Choice Cuts — National","Chuck, shoulder clod, trmd (114A  3)",Choice Cuts,,Choice,,$/cwt,$/cwt,1.0,2016-01-04,2026-10-02
wholesale-national-beef-cutout-600-900-lb-choice,Beef,National,wholesale,Beef Cutout 600-900 lb Choice — National,Cutout 600-900 lb,,,Choice,,$/cwt,$/cwt,1.0,2016-01-04,2026-10-02
wholesale-national-beef-cutout-600-900-lb-select,Beef,National,wholesale,Beef Cutout 600-900 lb Select — National,Cutout 600-900 lb,,,Select,,$/cwt,$/cwt,1.0,2016-01-04,2026-10-02
wholesale-national-beef-ground-beef-81-ground-beef,Beef,National,wholesale,Beef Ground Beef 81% Ground Beef — National,Ground Beef 81%,Ground Beef,,,,$/cwt,$/cwt,1.0,2016-01-04,2026-10-02
wholesale-national-beef-loin-strip-bnls-0x1-180-3-choice-cuts-choice,Beef,National,wholesale,"Beef Loin, strip, bnls, 0x1 (180  3) Choice Choice Cuts — National","Loin, strip, bnls, 0x1 (180  3)",Choice Cuts,,Choice,,$/cwt,$/cwt,1.0,2016-01-04,2026-10-02
wholesale-national-beef-loin-tndrloin-trmd-heavy-189a-4-choice-cuts-choice,Beef,National,wholesale,"Beef Loin, tndrloin, trmd, heavy (189A  4) Choice Choice Cuts — National","Loin, tndrloin, trmd, heavy (189A  4)",Choice Cuts,,Choice,,$/cwt,$/cwt,1.0,2016-01-04,2026-10-02
wholesale-national-beef-loin-top-butt-boneless-184-3-choice-cuts-choice,Beef,National,wholesale,"Beef Loin, top butt, boneless (184  3) Choice Choice Cuts — National","Loin, top butt, boneless (184  3)",Choice Cuts,,Choice,,$/cwt,$/cwt,0.996,2016-01-04,2026-10-02
wholesale-national-beef-rib-ribeye-lip-on-bn-in-109e-1-choice-cuts-choice,Beef,National,wholesale,"Beef Rib, ribeye, lip-on, bn-in (109E  1) Choice Choice Cuts — National","Rib, ribeye, lip-on, bn-in (109E  1)",Choice Cuts,,Choice,,$/cwt,$/cwt,0.996,2016-01-04,2026-10-02
wholesale-national-beef-round-eye-of-round-171c-3-choice-cuts-choice,Beef,National,wholesale,"Beef Round, eye of round (171C  3) Choice Choice Cuts — National","Round, eye of round (171C  3)",Choice Cuts,,Choice,,$/cwt,$/cwt,1.0,2016-01-04,2026-10-02
wholesale-national-beef-round-knuckle-peeled-167a-4-choice-cuts-choice,Beef,National,wholesale,"Beef Round, knuckle, peeled (167A  4) Choice Choice Cuts — National","Round, knuckle, peeled (167A  4)",Choice Cuts,,Choice,,$/cwt,$/cwt,1.0,2016-01-04,2026-10-02
wholesale-national-beef-round-outside-round-171b-3-choice-cuts-choice,Beef,National,wholesale,"Beef Round, outside round (171B  3) Choice Choice Cuts — National","Round, outside round (171B  3)",Choice Cuts,,Choice,,$/cwt,$/cwt,1.0,2016-01-04,2026-10-02
wholesale-national-beef-round-top-inside-round-168-3-choice-cuts-choice,Beef,National,wholesale,"Beef Round, top inside round (168  3) Choice Choice Cuts — National","Round, top inside round (168  3)",Choice Cuts,,Choice,,$/cwt,$/cwt,1.0,2016-01-04,2026-10-02
wholesale-national-chicken-all-items-fresh-domestic-all-sizes,Chicken,National,wholesale,Chicken ALL Items Fresh Domestic All Sizes — National,ALL Items,Fresh Domestic,All Sizes,,,cents/lb,cents/lb,1.0,2022-08-29,2026-09-28
wholesale-national-chicken-wog-fresh-domestic-2-51-to-3-50-lb,Chicken,National,wholesale,Chicken WOG Fresh Domestic 2.51 to 3.50 LB — National,WOG,Fresh Domestic,2.51 to 3.50 LB,,,cents/lb,cents/lb,1.0,2022-08-29,2026-09-28
wholesale-national-chicken-wog-fresh-domestic-all-sizes,Chicken,National,wholesale,Chicken WOG Fresh Domestic All Sizes — National,WOG,Fresh Domestic,All Sizes,,,cents/lb,cents/lb,1.0,2022-08-29,2026-09-28
wholesale-western-chicken-all-items-fresh-domestic-all-sizes,Chicken,Western,wholesale,Chicken All Items Fresh Domestic All Sizes — Western,All Items,Fresh Domestic,All Sizes,,,cents/lb,cents/lb,1.0,2022-08-29,2026-09-28
wholesale-western-chicken-wog-fresh-domestic-all-sizes,Chicken,Western,wholesale,Chicken WOG Fresh Domestic All Sizes — Western,WOG,Fresh Domestic,All Sizes,,,cents/lb,cents/lb,1.0,2022-08-29,2026-09-28
