commodity,week,volume_lb,vs_last_year_pct,vs_prior_2wk_pct
Limes,2026-09-21,35088336.0,-8.0,19.0
Avocados,2026-09-21,68712797.0,16.0,36.0
Carrots,2026-09-21,16730244.0,24.0,35.0
Bananas,2026-09-21,228567944.0,35.0,86.0
"Onions, Dry",2026-09-21,118915020.0,13.0,4.0
Broccoli,2026-09-21,16003245.0,16.0,2.0
Strawberries,2026-09-21,51074742.0,22.0,20.0
Grapes,2026-09-21,79432200.0,-3.0,0.0
"Lettuce, Romaine",2026-09-21,23865272.0,-18.0,-30.0
Lemons,2026-09-21,14010746.0,21.0,-28.0
Cucumbers,2026-09-21,50004081.0,8.0,-1.0
Potatoes,2026-09-21,175314966.0,2.0,4.0
Tomatoes,2026-09-21,47537667.0,2.0,18.0
"Peppers, Bell Type",2026-09-21,29975065.0,15.0,16.0
Blueberries,2026-09-21,17415358.0,13.0,-11.0
Celery,2026-09-21,22223495.0,-1.0,-0.0
"Lettuce, Iceberg",2026-09-21,32793243.0,-9.0,-16.0
"Tomatoes, Plum Type",2026-09-21,47083685.0,3.0,23.0
