month,cpi_food_at_home
2006-01,193.4
2006-02,192.6
2006-03,192.3
2006-04,191.5
2006-05,191.9
2006-06,192.2
2006-07,192.6
2006-08,193.1
2006-09,194.1
2006-10,195.1
2006-11,194.3
2006-12,194.3
2007-01,196.671
2007-02,198.193
2007-03,198.766
2007-04,199.02
2007-05,200.334
2007-06,200.95
2007-07,201.401
2007-08,202.126
2007-09,203.193
2007-10,204.333
2007-11,204.745
2007-12,205.208
2008-01,207.983
2008-02,208.329
2008-03,208.203
2008-04,210.851
2008-05,211.863
2008-06,213.171
2008-07,215.785
2008-08,217.259
2008-09,218.629
2008-10,219.66
2008-11,219.086
2008-12,218.683
2009-01,219.744
2009-02,218.389
2009-03,217.11
2009-04,215.783
2009-05,215.088
2009-06,214.824
2009-07,213.815
2009-08,213.722
2009-09,213.227
2009-10,213.605
2009-11,212.816
2009-12,213.359
2010-01,215.404
2010-02,215.118
2010-03,215.623
2010-04,215.737
2010-05,215.793
2010-06,215.361
2010-07,215.256
2010-08,215.382
2010-09,216.161
2010-10,216.698
2010-11,216.538
2010-12,216.955
2011-01,220.016
2011-02,221.241
2011-03,223.43
2011-04,224.233
2011-05,225.356
2011-06,225.588
2011-07,226.891
2011-08,228.354
2011-09,229.739
2011-10,230.196
2011-11,229.38
2011-12,229.982
2012-01,231.694
2012-02,231.18
2012-03,231.383
2012-04,231.711
2012-05,231.518
2012-06,231.515
2012-07,231.306
2012-08,231.708
2012-09,231.615
2012-10,232.456
2012-11,232.295
2012-12,232.901
2013-01,234.24
2013-02,234.033
2013-03,233.777
2013-04,234.082
2013-05,233.302
2013-06,233.499
2013-07,233.591
2013-08,233.999
2013-09,234.045
2013-10,234.418
2013-11,233.639
2013-12,233.802
2014-01,235.356
2014-02,236.114
2014-03,236.973
2014-04,238.103
2014-05,239.504
2014-06,239.147
2014-07,239.82
2014-08,240.723
2014-09,241.578
2014-10,242.121
2014-11,241.576
2014-12,242.457
2015-01,243.123
2015-02,242.906
2015-03,241.588
2015-04,241.305
2015-05,241.019
2015-06,241.494
2015-07,241.993
2015-08,242.746
2015-09,243.432
2015-10,243.779
2015-11,242.24
2015-12,241.375
2016-01,242.017
2016-02,242.062
2016-03,240.329
2016-04,240.635
2016-05,239.354
2016-06,238.43
2016-07,238.207
2016-08,238.088
2016-09,238.12
2016-10,238.145
2016-11,236.93
2016-12,236.464
2017-01,237.365
2017-02,237.918
2017-03,238.256
2017-04,238.817
2017-05,238.964
2017-06,238.3
2017-07,238.953
2017-08,238.843
2017-09,239.128
2017-10,239.543
2017-11,238.403
2017-12,238.579
2018-01,239.828
2018-02,239.19
2018-03,239.158
2018-04,240.129
2018-05,239.287
2018-06,239.158
2018-07,239.82
2018-08,240.015
2018-09,240.125
2018-10,239.882
2018-11,239.352
2018-12,239.989
2019-01,241.381
2019-02,242.057
2019-03,242.555
2019-04,241.878
2019-05,242.145
2019-06,241.407
2019-07,241.359
2019-08,241.153
2019-09,241.543
2019-10,242.34
2019-11,241.726
2019-12,241.75
2020-01,243.11
2020-02,244.054
2020-03,245.163
2020-04,251.717
2020-05,253.827
2020-06,255.042
2020-07,252.563
2020-08,252.352
2020-09,251.369
2020-10,251.937
2020-11,250.407
2020-12,251.253
2021-01,252.107
2021-02,252.716
2021-03,253.231
2021-04,254.76
2021-05,255.516
2021-06,257.412
2021-07,259.022
2021-08,259.825
2021-09,262.695
2021-10,265.478
2021-11,266.384
2021-12,267.555
2022-01,270.711
2022-02,274.568
2022-03,278.612
2022-04,282.161
2022-05,285.953
2022-06,288.884
2022-07,292.972
2022-08,295.007
2022-09,296.771
2022-10,298.401
2022-11,298.284
2022-12,299.089
2023-01,301.435
2023-02,302.483
2023-03,301.918
2023-04,302.328
2023-05,302.535
2023-06,302.335
2023-07,303.455
2023-08,303.716
2023-09,303.925
2023-10,304.788
2023-11,303.224
2023-12,303.005
2024-01,305.037
2024-02,305.469
2024-03,305.426
2024-04,305.707
2024-05,305.679
2024-06,305.752
2024-07,306.643
2024-08,306.402
2024-09,307.767
2024-10,308.2
2024-11,307.972
2024-12,308.38
2025-01,310.936
2025-02,311.284
2025-03,312.815
2025-04,311.84
2025-05,312.491
2025-06,313.028
2025-07,313.263
2025-08,314.608
2025-09,316.042
2025-11,313.954
2025-12,315.664
2026-01,317.431
2026-02,318.898
2026-03,318.755
2026-04,320.859
2026-05,321.047
2026-06,321.631
2026-07,321.643
2026-08,321.5
